latency_ms,status,error
1.8756999634206295,200,
2.3975998628884554,200,
1.3429000973701477,200,
1.088300021365285,200,
11.880999896675348,200,
16.352799953892827,200,
26.139099849388003,200,
15.92579996213317,200,
15.864900080487132,200,
1.2922000605612993,200,
16.044000163674355,200,
14.790100045502186,200,
15.364599879831076,200,
15.68579999729991,200,
1.3621000107377768,200,
13.963900040835142,200,
15.384200029075146,200,
15.749499900266528,200,
15.744399977847934,200,
1.5368000604212284,200,
13.87090003117919,200,
15.43550007045269,200,
14.985600020736456,200,
15.00290003605187,200,
1.640999922528863,200,
13.996600173413754,200,
15.741800190880895,200,
1.6390001401305199,200,
13.977499911561608,200,
15.609800117090344,200,
1.5198998153209686,200,
15.154500026255846,200,
13.625500025227666,200,
15.091199893504381,200,
15.446400037035346,200,
1.4684000052511692,200,
15.217999927699566,200,
13.793899910524487,200,
15.187500044703484,200,
15.130899846553802,200,
15.12590004131198,200,
15.144399832934141,200,
1.5054999385029078,200,
15.183300012722611,200,
13.688599923625588,200,
15.158999944105744,200,
15.552999917417765,200,
14.950899872928858,200,
14.979199972003698,200,
15.37299994379282,200,
15.312100062146783,200,
1.7514999490231276,200,
3.224699990823865,200,
2.6010998990386724,200,
2.5593999307602644,200,
2.4914999958127737,200,
2.5265999138355255,200,
2.5141998194158077,200,
2.4403000716120005,200,
2.444599987939,200,
2.360600046813488,200,
2.332099946215749,200,
2.6463998947292566,200,
2.773999935016036,200,
3.021499840542674,200,
3.0183999333530664,200,
2.518600085750222,200,
2.432700013741851,200,
3.4070999827235937,200,
3.327100072056055,200,
2.2462999913841486,200,
2.190600149333477,200,
2.2929999977350235,200,
2.280399901792407,200,
1.8378999084234238,200,
3.1002999749034643,200,
2.1204000804573298,200,
2.1953999530524015,200,
1.167600043118,200,
0.9391999337822199,200,
1.0495998430997133,200,
11.031599948182702,200,
15.573699958622456,200,
23.33110012114048,200,
15.596700133755803,200,
15.572200063616037,200,
1.2709000147879124,200,
13.609600020572543,200,
15.169699909165502,200,
15.54820011369884,200,
15.564300119876862,200,
15.076099894940853,200,
15.346499858424067,200,
1.2329998426139355,200,
13.481400208547711,200,
15.043699881061912,200,
1.0607000440359116,200,
15.492900041863322,200,
14.378200052306056,200,
16.07979997061193,200,
16.07090001925826,200,
1.3592999894171953,200,
13.87629983946681,200,
15.692699933424592,200,
1.4355999883264303,200,
16.13360014744103,200,
15.131500083953142,200,
2.022499917075038,200,
14.95639979839325,200,
13.381300028413534,200,
2.264200011268258,200,
13.415399938821793,200,
15.36000007763505,200,
2.3330000694841146,200,
11.949900072067976,200,
14.25490016117692,200,
15.607699984684587,200,
15.694099944084883,200,
1.6212998889386654,200,
13.61289992928505,200,
15.230000019073486,200,
1.3047999236732721,200,
14.30350006558001,200,
15.744399977847934,200,
15.002300031483173,200,
15.357899945229292,200,
14.686299953609705,200,
15.068900072947145,200,
16.152200056239963,200,
16.106200171634555,200,
1.4229998923838139,200,
15.488400124013424,200,
14.333600178360939,200,
1.2380999978631735,200,
14.182999962940812,200,
15.741900075227022,200,
14.799300115555525,200,
15.13030007481575,200,
1.2876999098807573,200,
15.99969994276762,200,
15.068399952724576,200,
1.3185001444071531,200,
12.695199809968472,200,
14.359999913722277,200,
1.7297000158578157,200,
15.144600067287683,200,
13.690300052985549,200,
15.409500105306506,200,
15.362899983301759,200,
1.5022000297904015,200,
15.357599826529622,200,
13.833000091835856,200,
15.039100078865886,200,
15.31090005300939,200,
1.3800000306218863,200,
15.264299931004643,200,
13.916000025346875,200,
15.249099815264344,200,
15.20709996111691,200,
1.4055999927222729,200,
15.111600048840046,200,
13.689599931240082,200,
1.538099953904748,200,
14.647899894043803,200,
16.229699831455946,200,
14.936599880456924,200,
15.226599993184209,200,
1.7905000131577253,200,
1.8162000924348831,200,
1.5384999569505453,200,
1.8037999980151653,200,
1.7232999671250582,200,
1.7900001257658005,200,
1.7500000540167093,200,
1.820600125938654,200,
1.498800003901124,200,
1.8291999585926533,200,
1.6877001617103815,200,
1.5616999007761478,200,
27.68639987334609,200,
25.01219999976456,200,
6.004000082612038,200,
21.790700033307076,200,
28.928999789059162,200,
4.1952000465244055,200,
13.114900095388293,200,
24.69079988077283,200,
17.079200129956007,200,
3.9076998364180326,200,
13.546800008043647,200,
15.407299855723977,200,
26.109299855306745,200,
2.6262998580932617,200,
2.6452001184225082,200,
2.724700141698122,200,
2.7403999119997025,200,
24.137699976563454,200,
24.48080014437437,200,
1.832999987527728,200,
2.1325000561773777,200,
1.5523999463766813,200,
1.8879999406635761,200,
1.7725999932736158,200,
10.868499986827374,200,
1.299999887123704,200,
1.0315999388694763,200,
1.0740000288933516,200,
1.0246001183986664,200,
1.1511000338941813,200,
1.3111999724060297,200,
1.3164000120013952,200,
1.3095999602228403,200,
25.035599945113063,200,
17.431600019335747,200,
23.46000005491078,200,
1.9280000124126673,200,
1.9857001025229692,200,
1.6874000430107117,200,
2.0375000312924385,200,
1.2266000267118216,200,
1.2149999383836985,200,
1.5112999826669693,200,
1.2834998778998852,200,
1.6218998935073614,200,
1.7365999519824982,200,
26.620399905368686,200,
17.62080006301403,200,
1.290000043809414,200,
20.57830011472106,200,
19.938400015234947,200,
5.7137999683618546,200,
20.27109987102449,200,
25.549500016495585,200,
15.719900140538812,200,
16.21500006876886,200,
3.0143000185489655,200,
2.285200171172619,200,
13.820799998939037,200,
2.4796000216156244,200,
25.067700073122978,200,
14.052900020033121,200,
3.105300012975931,200,
13.735500164330006,200,
27.025899849832058,200,
16.42090012319386,200,
14.923000009730458,200,
15.522199915722013,200,
2.8921000193804502,200,
14.479800127446651,200,
12.611899990588427,200,
15.514499973505735,200,
15.50929993391037,200,
2.885499969124794,200,
15.30680013820529,200,
12.852400075644255,200,
2.5420000310987234,200,
16.171100083738565,200,
13.558800099417567,200,
4.029100062325597,200,
13.777599902823567,200,
15.67420014180243,200,
25.369699811562896,200,
15.084000071510673,200,
15.104799997061491,200,
16.30169991403818,200,
16.359600005671382,200,
15.265699941664934,200,
15.749800018966198,200,
14.808299951255322,200,
14.794399961829185,200,
14.934599865227938,200,
15.39089996367693,200,
15.159500064328313,200,
15.605100197717547,200,
15.067300060763955,200,
15.017000027000904,200,
1.842800062149763,200,
13.189799850806594,200,
15.091900015249848,200,
1.7780999187380075,200,
14.225400052964687,200,
16.091700177639723,200,
14.877799898386002,200,
15.313999960198998,200,
15.794800128787756,200,
15.753299929201603,200,
14.4421998411417,200,
14.487499836832285,200,
1.4456999488174915,200,
14.786700019612908,200,
16.292799962684512,200,
1.3153001200407743,200,
15.535499900579453,200,
14.164799824357033,200,
1.3003998901695013,200,
13.763900147750974,200,
15.448299935087562,200,
17.207200173288584,200,
17.331500072032213,200,
2.718099858611822,200,
3.3013999927788973,200,
2.4223998188972473,200,
1.7313999123871326,200,
11.506000068038702,200,
16.677299980074167,200,
24.597899988293648,200,
2.034700009971857,200,
13.736899942159653,200,
11.549799935892224,200,
1.8339999951422215,200,
14.3327999394387,200,
16.20869990438223,200,
15.593199990689754,200,
15.92859998345375,200,
15.2902000118047,200,
15.647999942302704,200,
1.2296999339014292,200,
15.164399985224009,200,
14.251400018110871,200,
15.330499969422817,200,
15.349599998444319,200,
15.833399957045913,200,
16.203999985009432,200,
15.352600021287799,200,
15.684899874031544,200,
1.5300000086426735,200,
14.15359997190535,200,
16.01190003566444,200,
1.5583999920636415,200,
15.28460020199418,200,
13.707099948078394,200,
15.819299966096878,200,
16.17620000615716,200,
15.161900082603097,200,
15.571400057524443,200,
1.5650999266654253,200,
15.456699999049306,200,
14.273400185629725,200,
14.909300021827221,200,
14.971000142395496,200,
15.336900018155575,200,
15.233099926263094,200,
1.9719998817890882,200,
13.079799944534898,200,
15.280099818482995,200,
1.4858001377433538,200,
15.178699977695942,200,
14.091199962422252,200,
15.17579983919859,200,
15.183400129899383,200,
1.3783997856080532,200,
20.126499934121966,200,
19.750500097870827,200,
6.872100057080388,200,
26.59569983370602,200,
20.701600005850196,200,
15.15420014038682,200,
15.67690004594624,200,
13.966199941933155,200,
13.977500144392252,200,
14.461699873209,200,
14.848199905827641,200,
15.691600041463971,200,
15.67090000025928,200,
1.483700005337596,200,
13.781999936327338,200,
15.399399911984801,200,
14.71509994007647,200,
15.11369994841516,200,
1.6061000060290098,200,
16.017500078305602,200,
14.851999934762716,200,
14.500200049951673,200,
15.122100012376904,200,
1.636900007724762,200,
14.836600050330162,200,
13.032800052314997,200,
15.288699883967638,200,
15.606499975547194,200,
15.157500049099326,200,
15.232000034302473,200,
15.178200090304017,200,
15.494699822738767,200,
1.7488000448793173,200,
1.9574998877942562,200,
12.962999986484647,200,
13.210800010710955,200,
15.387600054964423,200,
15.39519988000393,200,
15.314799966290593,200,
15.32679982483387,200,
14.967299997806549,200,
15.276399906724691,200,
15.44409990310669,200,
15.428300015628338,200,
1.4365001115947962,200,
14.154999982565641,200,
15.964000020176172,200,
14.464499894529581,200,
14.841800089925528,200,
14.86439979635179,200,
15.233299927785993,200,
1.557100098580122,200,
1.2570000253617764,200,
12.30200007557869,200,
15.141600044444203,200,
15.323699917644262,200,
15.596600016579032,200,
15.523100038990378,200,
15.859500039368868,200,
14.814299996942282,200,
14.768799999728799,200,
1.3451001141220331,200,
16.544200014322996,200,
15.208000084385276,200,
14.775100164115429,200,
15.280700055882335,200,
15.233299927785993,200,
15.01569990068674,200,
1.2459999416023493,200,
13.767800061032176,200,
15.329800080507994,200,
15.122199896723032,200,
15.42390021495521,200,
14.877199893817306,200,
15.200900146737695,200,
1.4751998241990805,200,
14.7106999065727,200,
16.231399960815907,200,
1.6934999730437994,200,
12.932599987834692,200,
14.748099958524108,200,
1.8764000851660967,200,
13.269999995827675,200,
15.159700065851212,200,
2.830199897289276,200,
11.95690012536943,200,
14.834900153800845,200,
15.407599974423647,200,
15.729599865153432,200,
1.4869000297039747,200,
14.057400170713663,200,
15.615100041031837,200,
14.897400047630072,200,
14.873099979013205,200,
15.398399904370308,200,
15.411300119012594,200,
15.204299939796329,200,
15.165399992838502,200,
1.5255000907927752,200,
15.264200046658516,200,
13.791400007903576,200,
15.165899880230427,200,
15.097199939191341,200,
1.7037000507116318,200,
15.244700014591217,200,
13.865899993106723,200,
14.78049997240305,200,
15.693299937993288,200,
2.113400027155876,200,
15.839300118386745,200,
14.523699879646301,200,
1.7486000433564186,200,
15.687300125136971,200,
14.236199902370572,200,
1.4573999214917421,200,
15.725100180134177,200,
14.697799924761057,200,
14.73900000564754,200,
15.146000077947974,200,
2.228899858891964,200,
13.34169995971024,200,
16.065800096839666,200,
2.009499818086624,200,
2.3741000331938267,200,
2.4566000793129206,200,
2.7831001207232475,200,
3.0253001023083925,200,
3.402200061827898,200,
1.455599907785654,200,
1.3467001263052225,200,
0.9558000601828098,200,
0.9765999857336283,200,
0.9818999096751213,200,
0.9069000370800495,200,
0.8789000567048788,200,
0.9904000908136368,200,
27.417399920523167,200,
19.06420011073351,200,
26.465000119060278,200,
27.332300087437034,200,
2.990199951454997,200,
14.13050014525652,200,
16.240099910646677,200,
27.3930998519063,200,
3.3998999278992414,200,
13.49760009907186,200,
16.0415000282228,200,
26.78320021368563,200,
17.829099902883172,200,
17.73240021429956,200,
2.69029987975955,200,
27.80209993943572,200,
25.045800022780895,200,
3.9211998227983713,200,
4.555700113996863,200,
2.647899789735675,200,
23.263400187715888,200,
25.873900158330798,200,
2.8993000742048025,200,
14.125399990007281,200,
27.577999979257584,200,
16.357799991965294,200,
15.278000151738524,200,
15.27880015783012,200,
15.77159995213151,200,
15.762099996209145,200,
2.9599000699818134,200,
14.155100099742413,200,
15.556100057438016,200,
27.20499993301928,200,
2.2839000448584557,200,
12.876699911430478,200,
15.741199953481555,200,
15.878699952736497,200,
15.81449992954731,200,
2.5204000994563103,200,
12.546899961307645,200,
15.146699966862798,200,
15.273000113666058,200,
15.827599912881851,200,
2.579099964350462,200,
12.7295998390764,200,
15.337300021201372,200,
2.0872000604867935,200,
12.576800072565675,200,
15.156999928876758,200,
15.380699886009097,200,
15.401900047436357,200,
1.7228999640792608,200,
13.20099993608892,200,
15.367700019851327,200,
1.6763999592512846,200,
13.408900005742908,200,
15.096799936145544,200,
1.1316998861730099,200,
1.3252999633550644,200,
1.099900109693408,200,
1.1332000140100718,200,
1.5107998624444008,200,
1.3063999358564615,200,
1.685400027781725,200,
15.043300110846758,200,
1.1332000140100718,200,
1.0794999543577433,200,
1.141600077971816,200,
0.9741000831127167,200,
1.24739995226264,200,
1.2620000634342432,200,
1.5076000709086657,200,
1.3419999741017818,200,
20.430400036275387,200,
21.743200020864606,200,
16.9450999237597,200,
1.15099991671741,200,
1.1851000599563122,200,
1.1326000094413757,200,
1.2685998808592558,200,
1.1627001222223043,200,
1.076399814337492,200,
1.365999924018979,200,
1.8400999251753092,200,
15.268899966031313,200,
1.6605001874268055,200,
106.00540018640459,200,
99.80520000681281,200,
1.4001999516040087,200,
23.415599949657917,200,
25.061899796128273,200,
2.8429001104086637,200,
2.6285999920219183,200,
13.130399864166975,200,
13.57360021211207,200,
2.9928998555988073,200,
3.464499954134226,200,
2.1139001473784447,200,
3.5321000032126904,200,
2.6772001292556524,200,
2.242000075057149,200,
2.2692999336868525,200,
2.22649984061718,200,
2.316000172868371,200,
2.4460998829454184,200,
2.183800097554922,200,
2.0087999291718006,200,
2.2213999181985855,200,
2.6639997959136963,200,
2.7077000122517347,200,
2.6616998948156834,200,
1.5310999006032944,200,
3.1644999980926514,200,
1.167000038549304,200,
25.72369994595647,200,
27.339200023561716,200,
6.136199925094843,200,
26.29419998265803,200,
20.39249986410141,200,
3.4069998655468225,200,
13.220699969679117,200,
26.557999895885587,200,
16.075799940153956,200,
15.567299909889698,200,
15.536599792540073,200,
1.863699872046709,200,
14.529099920764565,200,
13.027400011196733,200,
14.73930012434721,200,
14.710600022226572,200,
1.5586998779326677,200,
14.968599891290069,200,
13.466899981722236,200,
1.4953999780118465,200,
14.301100047305226,200,
16.24120003543794,200,
1.6212000045925379,200,
14.221700141206384,200,
16.221600119024515,200,
14.417600119486451,200,
14.771700138226151,200,
1.528100110590458,200,
15.358500182628632,200,
13.803400099277496,200,
1.6995000187307596,200,
13.31799989566207,200,
15.108200022950768,200,
1.6232999041676521,200,
14.907600125297904,200,
13.645500177517533,200,
15.189300058409572,200,
15.521999914199114,200,
15.878399834036827,200,
16.15669997408986,200,
2.340399893000722,200,
15.881000086665154,200,
13.628399930894375,200,
15.6831000931561,200,
15.646399930119514,200,
2.41499999538064,200,
2.920800121501088,200,
12.92679994367063,200,
12.942600063979626,200,
2.768100006505847,200,
3.248299937695265,200,
1.4585999306291342,200,
1.2908000499010086,200,
24.23259988427162,200,
27.588800061494112,200,
3.4181999508291483,200,
3.3553000539541245,200,
1.787800109013915,200,
11.178900022059679,200,
1.8764999695122242,200,
25.792700005695224,200,
14.864400029182434,200,
2.4840999394655228,200,
14.753000112250447,200,
12.56079995073378,200,
1.737699843943119,200,
2.112400019541383,200,
14.081500004976988,200,
26.630799984559417,200,
16.491299960762262,200,
1.4227000065147877,200,
15.987099846825004,200,
14.836799819022417,200,
14.949899865314364,200,
14.940300025045872,200,
1.339999958872795,200,
13.967900071293116,200,
15.669699991121888,200,
1.4551000203937292,200,
13.714500004425645,200,
15.166299883276224,200,
1.2332000769674778,200,
13.793299905955791,200,
15.312299830839038,200,
1.284400001168251,200,
14.304100070148706,200,
15.92719997279346,200,
15.064100036397576,200,
15.415000030770898,200,
1.22410012409091,200,
16.882299911230803,200,
15.68279997445643,200,
14.705899870023131,200,
14.648200012743473,200,
1.6385999042540789,200,
13.68880015797913,200,
15.6595001462847,200,
1.861899858340621,200,
13.017700053751469,200,
14.94670007377863,200,
15.391800086945295,200,
15.705799916759133,200,
1.4173001982271671,200,
15.00590005889535,200,
13.829699950292706,200,
1.2444001622498035,200,
13.880799990147352,200,
15.422199852764606,200,
1.321899937465787,200,
15.289700124412775,200,
13.943100115284324,200,
14.987400034442544,200,
15.250200172886252,200,
15.206500189378858,200,
15.207699965685606,200,
16.123699955642223,200,
16.439999919384718,200,
1.5342999249696732,200,
13.612400041893125,200,
15.138299902901053,200,
1.3969000428915024,200,
13.90479994006455,200,
15.619099838659167,200,
1.4587999321520329,200,
14.972900040447712,200,
13.554400065913796,200,
15.455699991434813,200,
15.392699977383018,200,
15.061199897900224,200,
15.429399907588959,200,
1.7730998806655407,200,
19.985700026154518,200,
18.972999881953,200,
6.184999831020832,200,
24.25069990567863,200,
31.74500004388392,200,
27.911500073969364,200,
29.675900004804134,200,
4.699400160461664,200,
12.849700171500444,200,
24.525599787011743,200,
15.387200051918626,200,
1.6296000685542822,200,
13.255700003355742,200,
15.254399972036481,200,
1.5112000983208418,200,
15.243500005453825,200,
13.687300030142069,200,
16.073700040578842,200,
16.098299995064735,200,
1.5924999024719,200,
13.755799969658256,200,
15.662800054997206,200,
2.225100062787533,200,
2.5150999426841736,200,
1.8126999493688345,200,
1.7625000327825546,200,
2.241699956357479,200,
2.5252001360058784,200,
2.8377000708132982,200,
2.905100118368864,200,
2.6233000680804253,200,
2.5539000052958727,200,
2.651900053024292,200,
1.7208000645041466,200,
18.84729997254908,200,
14.761700062081218,200,
2.8146998956799507,200,
3.182699903845787,200,
1.738700084388256,200,
25.500599993392825,200,
27.33549987897277,200,
1.6011998523026705,200,
13.670200016349554,200,
15.335599891841412,200,
15.77159995213151,200,
15.72770019993186,200,
14.889199985191226,200,
14.939300017431378,200,
1.2765000574290752,200,
14.043800067156553,200,
15.350200003013015,200,
1.2848000042140484,200,
13.892900198698044,200,
15.207199845463037,200,
15.539400046691298,200,
15.514299971982837,200,
14.873099979013205,200,
15.143000055104494,200,
1.2451999355107546,200,
15.252599958330393,200,
13.992099789902568,200,
1.245599938556552,200,
15.510099940001965,200,
14.28849995136261,200,
1.4831000007689,200,
14.927400043234229,200,
13.725899858400226,200,
1.5432999935001135,200,
14.381099957972765,200,
16.01889985613525,200,
1.604699995368719,200,
2.5833998806774616,200,
2.2048999089747667,200,
2.248800126835704,200,
2.2410000674426556,200,
2.0922000985592604,200,
2.0608999766409397,200,
2.4262000806629658,200,
1.528299879282713,200,
1.332300016656518,200,
0.9905998595058918,200,
0.997600145637989,200,
1.4077001251280308,200,
1.4055001083761454,200,
21.061299834400415,200,
14.754300005733967,200,
1.7677999567240477,200,
15.113600064069033,200,
13.688500039279461,200,
15.397199895232916,200,
15.313299838453531,200,
1.419000094756484,200,
13.741499977186322,200,
15.251799952238798,200,
1.3100001960992813,200,
15.23560006171465,200,
14.335599960759282,200,
14.912400161847472,200,
15.31839999370277,200,
1.3569998554885387,200,
14.832899905741215,200,
16.643400071188807,200,
14.541700016707182,200,
14.419900020584464,200,
15.281799947842956,200,
15.621300088241696,200,
1.3218000531196594,200,
14.738400001078844,200,
13.745399890467525,200,
15.374100068584085,200,
15.393699984997511,200,
1.34379998780787,200,
13.83529999293387,200,
15.572299947962165,200,
1.549100037664175,200,
15.054099960252643,200,
13.50319990888238,200,
15.492100035771728,200,
15.81940008327365,200,
1.8561999313533306,200,
13.558299979194999,200,
15.529399970546365,200,
16.098399879410863,200,
16.073399921879172,200,
15.66060003824532,200,
15.775399981066585,200,
15.73330000974238,200,
16.047999961301684,200,
1.5761000104248524,200,
1.1579000856727362,200,
1.6811999958008528,200,
14.18370008468628,200,
1.016200054436922,200,
0.9053000248968601,200,
0.9033998940140009,200,
13.493199832737446,200,
26.335400063544512,200,
16.121899941936135,200,
16.15840010344982,200,
15.318599995225668,200,
15.663799829781055,200,
1.3013000134378672,200,
14.442300191149116,200,
16.075799940153956,200,
15.296299941837788,200,
15.657100128009915,200,
15.119200106710196,200,
15.41760005056858,200,
1.4614001847803593,200,
15.157199930399656,200,
13.926499988883734,200,
1.3697999529540539,200,
13.808000134304166,200,
15.518500003963709,200,
15.314000193029642,200,
15.66489995457232,200,
1.746899913996458,200,
13.395600020885468,200,
15.277800150215626,200,
15.188500052317977,200,
15.188300050795078,200,
1.5957001596689224,200,
15.124500030651689,200,
13.509399956092238,200,
1.342700095847249,200,
15.308900037780404,200,
13.981400057673454,200,
15.311600174754858,200,
15.271299984306097,200,
1.3786000199615955,200,
13.466099975630641,200,
15.133299864828587,200,
16.361000016331673,200,
16.4466998539865,200,
15.144099947065115,200,
15.095900045707822,200,
15.381600009277463,200,
15.424200100824237,200,
15.287299873307347,200,
15.608099987730384,200,
16.334000043570995,200,
16.656700056046247,200,
15.24859992787242,200,
15.212700003758073,200,
1.5294000040739775,200,
13.585299951955676,200,
15.16419998370111,200,
15.397399896755815,200,
15.723200049251318,200,
1.5535999555140734,200,
15.01289987936616,200,
13.834099983796477,200,
14.665799913927913,200,
14.66510002501309,200,
1.562400022521615,200,
13.994300039485097,200,
15.63229993917048,200,
1.7464000266045332,200,
2.0585001911967993,200,
2.4389000609517097,200,
2.9007999692112207,200,
2.2047001402825117,200,
2.7226998936384916,200,
2.129300031810999,200,
2.1172999404370785,200,
1.7510000616312027,200,
2.070099813863635,200,
1.894199987873435,200,
1.9706999883055687,200,
1.9127000123262405,200,
2.332099946215749,200,
1.1332000140100718,200,
15.762800117954612,200,
14.888999983668327,200,
2.172500127926469,200,
2.2625999990850687,200,
2.0115000661462545,200,
2.754499902948737,200,
2.535700099542737,200,
22.386800032109022,200,
26.19709982536733,200,
2.1649000700563192,200,
2.215599874034524,200,
1.8818001262843609,200,
1.795999938622117,200,
2.0055000204592943,200,
2.2166999988257885,200,
1.7483001574873924,200,
1.9509999547153711,200,
1.959000015631318,200,
1.99709995649755,200,
1.9475999288260937,200,
2.248199889436364,200,
2.0604999735951424,200,
18.865899881348014,200,
16.762600047513843,200,
2.2933001164346933,200,
2.60749994777143,200,
2.061100210994482,200,
2.054500160738826,200,
1.9453000277280807,200,
2.372700022533536,200,
1.537499949336052,200,
1.9557999912649393,200,
3.377599874511361,200,
3.797000041231513,200,
1.7856999766081572,200,
1.29360007122159,200,
1.0198999661952257,200,
1.0098000057041645,200,
1.0577000211924314,200,
1.054299995303154,200,
0.9538999292999506,200,
0.9649000130593777,200,
1.052000094205141,200,
0.9574999567121267,200,
1.1057998053729534,200,
18.097899854183197,200,
16.64160005748272,200,
22.114300169050694,200,
15.758800087496638,200,
16.108399955555797,200,
1.3359000440686941,200,
15.818000072613358,200,
14.510700013488531,200,
15.802100067958236,200,
15.854000113904476,200,
1.8535000272095203,200,
14.426699839532375,200,
16.638100147247314,200,
1.6574999317526817,200,
13.819899875670671,200,
15.850299969315529,200,
14.494899893179536,200,
14.549100073054433,200,
1.7452000174671412,200,
13.835699995979667,200,
16.05900004506111,200,
1.4404000248759985,200,
13.286900008097291,200,
15.083699952811003,200,
1.3368998188525438,200,
14.432300115004182,200,
16.095800092443824,200,
16.065499978139997,200,
16.04739995673299,200,
1.4156000688672066,200,
1.1163000017404556,200,
1.2664999812841415,200,
1.7028001602739096,200,
2.1781998220831156,200,
15.535400016233325,200,
1.1732999701052904,200,
1.0367000941187143,200,
1.070900121703744,200,
1.0747001506388187,200,
22.623199969530106,200,
27.30869990773499,200,
16.80699991993606,200,
15.664099948480725,200,
15.716199995949864,200,
16.12999988719821,200,
16.163399908691645,200,
16.025600023567677,200,
16.462300205603242,200,
2.4227998219430447,200,
2.3767000529915094,200,
1.5793999191373587,200,
2.0496000070124865,200,
1.6973000019788742,200,
1.6426998190581799,200,
0.9376001544296741,200,
0.910900067538023,200,
1.2512998655438423,200,
1.4443001709878445,200,
21.544199902564287,200,
27.01870002783835,200,
11.902299942448735,200,
12.159599922597408,200,
1.7233998514711857,200,
1.3556999620050192,200,
15.771400183439255,200,
13.215500162914395,200,
15.935499919578433,200,
16.320599941536784,200,
15.660700155422091,200,
16.033099964261055,200,
2.142600016668439,200,
2.202600007876754,200,
2.6851000729948282,200,
3.0461999122053385,200,
1.7150999046862125,200,
22.49769982881844,200,
24.381499970331788,200,
1.573400106281042,200,
14.819300035014749,200,
13.59700015746057,200,
15.924100065603852,200,
15.932600013911724,200,
1.2678999919444323,200,
15.994200017303228,200,
14.764100080356002,200,
15.008099842816591,200,
15.008799964562058,200,
16.07499993406236,200,
16.030400060117245,200,
1.4150000642985106,200,
14.455100055783987,200,
15.907299937680364,200,
15.035999938845634,200,
15.366700012236834,200,
1.3855998404324055,200,
1.1602998711168766,200,
15.743599971756339,200,
13.719799928367138,200,
1.8558998126536608,200,
2.375700045377016,200,
13.739599846303463,200,
13.824000023305416,200,
14.755399897694588,200,
15.231200028210878,200,
1.0577000211924314,200,
0.9065999183803797,200,
0.8755000308156013,200,
0.8688999805599451,200,
0.8590999059379101,200,
0.9628999978303909,200,
0.8479999378323555,200,
0.8406001143157482,200,
0.8313998114317656,200,
14.702199958264828,200,
16.95690001361072,200,
23.25970004312694,200,
15.746699878945947,200,
16.03880012407899,200,
1.6256000380963087,200,
2.902999985963106,200,
2.543700160458684,200,
1.5042000450193882,200,
2.7805999852716923,200,
1.177300000563264,200,
23.05199997499585,200,
24.275299860164523,200,
1.2888000346720219,200,
2.6805000379681587,200,
2.4022001307457685,200,
2.3916999343782663,200,
2.5366998743265867,200,
3.1912000849843025,200,
2.9283000621944666,200,
2.0272000692784786,200,
2.4955999106168747,200,
1.6189999878406525,200,
1.0691001079976559,200,
19.36449995264411,200,
18.544000107795,200,
1.4486999716609716,200,
13.92979989759624,200,
15.417099930346012,200,
15.665299957618117,200,
15.706100035458803,200,
2.9937000945210457,200,
2.956199925392866,200,
1.281200209632516,200,
1.1380999349057674,200,
11.500899912789464,200,
15.295800054445863,200,
24.41249997355044,200,
15.623799990862608,200,
15.56310011073947,200,
1.2867997866123915,200,
16.48409990593791,200,
15.20900009199977,200,
1.2620999477803707,200,
14.133600052446127,200,
15.741099836304784,200,
1.325800083577633,200,
13.27509991824627,200,
15.047300141304731,200,
1.7985999584197998,200,
15.085899969562888,200,
13.6202999856323,200,
1.4014998450875282,200,
13.87799996882677,200,
15.271299984306097,200,
15.26299980469048,200,
15.280999941751361,200,
1.769399968907237,200,
15.021299943327904,200,
13.521299930289388,200,
15.966400038450956,200,
16.071500023826957,200,
15.771799953654408,200,
16.17210009135306,200,
1.4585000462830067,200,
14.201699988916516,200,
15.72109991684556,200,
1.330799888819456,200,
13.3822001516819,200,
15.069300075992942,200,
15.507199801504612,200,
15.780099900439382,200,
1.3641000259667635,200,
13.827199814841151,200,
15.645999927073717,200,
2.353699877858162,200,
15.170699916779995,200,
13.61320004798472,200,
1.362399896606803,200,
14.8074000608176,200,
16.034699976444244,200,
1.2453999370336533,200,
15.865499852225184,200,
14.651099918410182,200,
1.2952000834047794,200,
15.334999887272716,200,
14.410900184884667,200,
1.3856999576091766,200,
1.0700998827815056,200,
13.713800115510821,200,
16.6444000788033,200,
15.16849990002811,200,
15.157300047576427,200,
2.032799879088998,200,
12.31769984588027,200,
14.364599948748946,200,
15.26500005275011,200,
15.610299771651626,200,
15.65790013410151,200,
15.652599977329373,200,
14.801400015130639,200,
14.822200173512101,200,
15.48999990336597,200,
15.83219994790852,200,
1.2858000118285418,200,
13.620200101286173,200,
15.20580006763339,200,
1.4500999823212624,200,
13.733900152146816,200,
15.266200061887503,200,
15.974600100889802,200,
16.296900110319257,200,
1.4088000170886517,200,
15.098299831151962,200,
13.708599843084812,200,
15.274600125849247,200,
15.607399865984917,200,
1.509800087660551,200,
15.751500148326159,200,
14.495800016447902,200,
1.5086999628692865,200,
15.617900062352419,200,
14.402000000700355,200,
14.8460001219064,200,
14.819300035014749,200,
1.6073000151664019,200,
16.11550012603402,200,
14.537099981680512,200,
1.4685001224279404,200,
15.45070018619299,200,
13.908099848777056,200,
1.5792998019605875,200,
15.160599956288934,200,
13.54940002784133,200,
15.353300143033266,200,
15.375599963590503,200,
15.49010002054274,200,
15.842200024053454,200,
1.5165999066084623,200,
14.185199979692698,200,
16.107399947941303,200,
1.44320004619658,200,
14.891099883243442,200,
13.750499812886119,200,
1.4221000019460917,200,
15.257199993357062,200,
14.084500027820468,200,
1.4140000566840172,200,
13.323900057002902,200,
14.816999901086092,200,
15.287899877876043,200,
15.363099984824657,200,
1.2725000269711018,200,
14.620499918237329,200,
16.248400090262294,200,
15.226799994707108,200,
15.530399978160858,200,
16.01599995046854,200,
15.992200002074242,200,
16.616800101473927,200,
16.625900054350495,200,
1.4710999093949795,200,
12.73000007495284,200,
14.267100021243095,200,
1.566900173202157,200,
14.486499829217792,200,
16.464699991047382,200,
15.58540016412735,200,
15.516200102865696,200,
1.9869999960064888,200,
13.04270001128316,200,
15.133599983528256,200,
1.6540999058634043,200,
16.329800011590123,200,
14.6525998134166,200,
15.317699871957302,200,
15.722000040113926,200,
1.9018000457435846,200,
15.211599878966808,200,
13.3200001437217,200,
1.8958000000566244,200,
12.693900149315596,200,
14.683800050988793,200,
1.5165000222623348,200,
13.56870005838573,200,
15.507600037381053,200,
15.744899865239859,200,
15.859999926760793,200,
15.316399978473783,200,
15.73579991236329,200,
1.7675000708550215,200,
2.102100057527423,200,
1.5130999963730574,200,
1.856100047007203,200,
1.9352000672370195,200,
1.999200088903308,200,
1.681300112977624,200,
2.023099921643734,200,
1.7209998331964016,200,
1.2037998531013727,200,
1.69189996086061,200,
19.223999930545688,200,
23.979299934580922,200,
14.832499902695417,200,
14.845800120383501,200,
15.208599856123328,200,
15.400500036776066,200,
1.4765998348593712,200,
2.041000174358487,200,
1.1384000536054373,200,
13.153299922123551,200,
12.317299842834473,200,
1.8843999132514,200,
2.1748999133706093,200,
1.3914001174271107,200,
12.026499956846237,200,
13.512100093066692,200,
1.519500045105815,200,
13.256400125101209,200,
14.992699958384037,200,
1.5652000438421965,200,
16.272999811917543,200,
15.261400025337934,200,
14.229499967768788,200,
15.465300064533949,200,
16.281599877402186,200,
15.437600202858448,200,
1.6302999574691057,200,
13.400399824604392,200,
15.076000010594726,200,
1.7573998775333166,200,
14.540100004523993,200,
16.341299982741475,200,
1.6950999852269888,200,
13.200799934566021,200,
14.994299970567226,200,
15.305700013414025,200,
15.243700006976724,200,
16.058300156146288,200,
16.123800072818995,200,
15.266099944710732,200,
15.670099994167686,200,
15.818699961528182,200,
16.14500000141561,200,
15.953600173816085,200,
15.956399962306023,200,
16.011699801310897,200,
16.373699996620417,200,
1.3982001692056656,200,
15.511499950662255,200,
14.386700000613928,200,
15.991699881851673,200,
15.963200014084578,200,
3.1572000589221716,200,
3.187699941918254,200,
1.8271999433636665,200,
1.5374000649899244,200,
1.2912999372929335,200,
22.779500111937523,200,
27.61689992621541,200,
2.440100070089102,200,
16.506899846717715,200,
14.36999998986721,200,
2.4431999772787094,200,
3.0155000276863575,200,
2.0850999280810356,200,
1.4436000492423773,200,
23.05809990502894,200,
27.213599998503923,200,
1.394100021570921,200,
1.2927998322993517,200,
1.2959998566657305,200,
1.1444000992923975,200,
15.73330000974238,200,
25.792700005695224,200,
15.421400079503655,200,
1.7642001621425152,200,
2.014599973335862,200,
1.5593001153320074,200,
1.8245000392198563,200,
2.342799911275506,200,
2.7094001416116953,200,
2.064199885353446,200,
1.9996999762952328,200,
22.288599982857704,200,
22.568299900740385,200,
1.7458999063819647,200,
1.9917001482099295,200,
1.6302999574691057,200,
1.669399905949831,200,
1.7148999031633139,200,
1.7297000158578157,200,
1.3478000182658434,200,
1.9389998633414507,200,
1.9378999713808298,200,
2.055899938568473,200,
1.2884000316262245,200,
20.15120000578463,200,
22.216999903321266,200,
1.3574999757111073,200,
14.590600039809942,200,
15.99870016798377,200,
1.3999000657349825,200,
17.16129994019866,200,
16.039500012993813,200,
14.20699991285801,200,
14.218100113794208,200,
1.2978001032024622,200,
13.849100098013878,200,
15.484800096601248,200,
15.46050002798438,200,
15.45040006749332,200,
1.66529999114573,200,
13.674300163984299,200,
15.385400038212538,200,
15.171400038525462,200,
15.205299947410822,200,
15.964899910613894,200,
16.173100098967552,200,
1.6527001280337572,200,
15.405999962240458,200,
14.27980000153184,200,
1.5690999571233988,200,
13.450099853798747,200,
15.420299954712391,200,
15.071799978613853,200,
15.4341000597924,200,
1.6250999178737402,200,
13.48560000769794,200,
15.46210004016757,200,
1.6024999786168337,200,
13.18510016426444,200,
15.24539990350604,200,
1.8736000638455153,200,
2.313799923285842,200,
1.50939985178411,200,
1.2892999220639467,200,
1.382199814543128,200,
1.4943999703973532,200,
1.4953999780118465,200,
12.946799863129854,200,
1.2199999764561653,200,
1.0295999236404896,200,
0.9902999736368656,200,
26.706499978899956,200,
18.12869985587895,200,
26.724499883130193,200,
27.55719982087612,200,
14.286299934610724,200,
14.879199909046292,200,
3.796500153839588,200,
13.531499775126576,200,
16.558699775487185,200,
26.9098998978734,200,
14.769900124520063,200,
15.388899948447943,200,
3.9729999843984842,200,
13.48560000769794,200,
26.278299978002906,200,
16.768999863415956,200,
3.0239999759942293,200,
13.584099942818284,200,
16.088100150227547,200,
26.46780014038086,200,
1.3584000989794731,200,
14.636800158768892,200,
15.983900055289268,200,
15.498399967327714,200,
15.522000147029757,200,
1.2374999932944775,200,
15.180799877271056,200,
13.888000044971704,200,
14.981199987232685,200,
15.28460020199418,200,
1.302800141274929,200,
15.760500216856599,200,
14.786300016567111,200,
14.485899824649096,200,
14.957400038838387,200,
1.578400144353509,200,
13.376599876210093,200,
14.865400036796927,200,
1.4286001678556204,200,
14.78650001809001,200,
16.318400157615542,200,
2.0384998060762882,200,
14.916800195351243,200,
12.836699839681387,200,
15.290499897673726,200,
15.290400013327599,200,
16.192999901250005,200,
16.239099903032184,200,
2.0467001013457775,200,
2.0408998243510723,200,
2.0709000527858734,200,
2.2891999687999487,200,
1.4072000049054623,200,
10.690900031477213,200,
16.464400105178356,200,
25.457300012931228,200,
1.4287999365478754,200,
14.524300117045641,200,
15.985799953341484,200,
15.28719998896122,200,
15.342799946665764,200,
15.275700017809868,200,
15.243100002408028,200,
1.3960001524537802,200,
13.622900005429983,200,
15.05749998614192,200,
1.3592001050710678,200,
14.941900037229061,200,
13.81610007956624,200,
15.705500030890107,200,
16.010799910873175,200,
14.816900016739964,200,
15.154900029301643,200,
15.308199916034937,200,
15.298699960112572,200,
1.6309001948684454,200,
13.521900167688727,200,
15.466799959540367,200,
15.071499859914184,200,
15.08280006237328,200,
1.5496001578867435,200,
15.298699960112572,200,
14.053599908947945,200,
15.219199936836958,200,
15.628800028935075,200,
15.155999921262264,200,
15.166400000452995,200,
15.239899978041649,200,
15.644100029021502,200,
14.900699956342578,200,
15.296499943360686,200,
15.3221997898072,200,
15.282699838280678,200,
1.5267000999301672,200,
15.436800196766853,200,
13.937899842858315,200,
1.567099941894412,200,
14.369799988344312,200,
15.92290005646646,200,
1.6787999775260687,200,
13.754500076174736,200,
15.526500064879656,200,
16.154099954292178,200,
16.508699860423803,200,
1.7512999475002289,200,
1.2525999918580055,200,
13.3048000279814,200,
15.992499887943268,200,
26.694499887526035,200,
1.8342998810112476,200,
13.12580006197095,200,
14.966099988669157,200,
1.6614000778645277,200,
16.028700163587928,200,
14.745399821549654,200,
15.219599939882755,200,
15.660099918022752,200,
16.18349994532764,200,
16.134999925270677,200,
1.9700000993907452,200,
15.06179990246892,200,
13.06230016052723,200,
1.9841000903397799,200,
15.239499974995852,200,
13.220099965110421,200,
14.940200140699744,200,
15.303999884054065,200,
1.9284000154584646,200,
15.18479990772903,200,
13.272699899971485,200,
15.273000113666058,200,
15.225199982523918,200,
2.1158000454306602,200,
13.828699942678213,200,
15.996099915355444,200,
1.922599971294403,200,
13.29610007815063,200,
15.697899973019958,200,
14.934100210666656,200,
15.485000098124146,200,
14.741600025445223,200,
15.212300000712276,200,
2.1623000502586365,200,
12.909100158140063,200,
15.49660018645227,200,
15.048699919134378,200,
15.427999896928668,200,
2.254399936646223,200,
12.389799812808633,200,
15.019199810922146,200,
2.0352001301944256,200,
15.253100078552961,200,
13.855200028046966,200,
1.9235999789088964,200,
12.835199944674969,200,
15.170800033956766,200,
14.98469989746809,200,
15.374799957498908,200,
15.505500137805939,200,
15.761800110340118,200,
1.3852000702172518,200,
1.5966999344527721,200,
1.0255000088363886,200,
13.56999995186925,200,
12.094400124624372,200,
1.4264998026192188,200,
14.297700021415949,200,
15.787399839609861,200,
1.433399971574545,200,
15.959999989718199,200,
14.875800115987659,200,
15.612599905580282,200,
15.626000007614493,200,
16.02980005554855,200,
16.391600016504526,200,
1.361900009214878,200,
12.613700004294515,200,
14.022000133991241,200,
1.6173000913113356,200,
13.433299958705902,200,
15.03519993275404,200,
1.5795000363141298,200,
3.276200033724308,200,
2.9335999861359596,200,
2.63109989464283,200,
2.429800108075142,200,
2.3654999677091837,200,
2.3339998442679644,200,
2.3682001046836376,200,
2.3898000363260508,200,
2.3409000132232904,200,
2.318799961358309,200,
2.279799897223711,200,
2.370599890127778,200,
2.5879000313580036,200,
2.8071999549865723,200,
2.839399967342615,200,
2.5843000039458275,200,
2.2074999287724495,200,
1.9577001221477985,200,
2.134400187060237,200,
2.151300199329853,200,
2.010899828746915,200,
1.972600119188428,200,
2.0773999858647585,200,
2.14570015668869,200,
2.177000045776367,200,
2.161199925467372,200,
2.5182999670505524,200,
2.7268000412732363,200,
2.7779999654740095,200,
3.0177999287843704,200,
2.5054998695850372,200,
2.084400039166212,200,
1.9795999396592379,200,
1.9851999823004007,200,
1.9590998999774456,200,
1.677399966865778,200,
2.812699880450964,200,
20.14669985510409,200,
20.42710012756288,200,
28.507799841463566,200,
28.33999996073544,200,
3.649200079962611,200,
4.111399874091148,200,
27.12110010907054,200,
27.140500023961067,200,
15.021100174635649,200,
15.60699986293912,200,
3.03569994866848,200,
15.65159996971488,200,
13.617200078442693,200,
14.723300002515316,200,
15.625800006091595,200,
3.390899859368801,200,
12.340100016444921,200,
15.292000025510788,200,
1.374599989503622,200,
15.013099880889058,200,
14.004299882799387,200,
15.124800149351358,200,
15.50360000692308,200,
15.094199916347861,200,
15.53620002232492,200,
1.6660999972373247,200,
16.994199948385358,200,
15.421000076457858,200,
2.150100190192461,200,
13.763600029051304,200,
27.334999991580844,200,
15.651799971237779,200,
1.9479000475257635,200,
2.299400046467781,200,
2.581999870017171,200,
2.6072999462485313,200,
26.094899978488684,200,
26.15360007621348,200,
15.576800098642707,200,
15.84709994494915,200,
1.4130000490695238,200,
15.324800042435527,200,
14.143400127068162,200,
1.41990021802485,200,
15.944299986585975,200,
14.802099904045463,200,
1.2141999322921038,200,
15.19820000976324,200,
14.259600080549717,200,
14.875699998810887,200,
15.312900068238378,200,
15.986599959433079,200,
15.637600095942616,200,
1.3559998478740454,200,
1.1241999454796314,200,
1.0579999070614576,200,
1.0193998459726572,200,
1.0498000774532557,200,
0.9949000086635351,200,
1.0383999906480312,200,
0.976799987256527,200,
0.9653999004513025,200,
1.0546999983489513,200,
1.4023000840097666,200,
15.291300136595964,200,
19.21220007352531,200,
16.218800097703934,200,
1.476700184866786,200,
14.830300118774176,200,
13.354100054129958,200,
1.6030999831855297,200,
14.173999894410372,200,
16.172599978744984,200,
1.6442001797258854,200,
14.336399966850877,200,
12.994100106880069,200,
16.088099917396903,200,
16.356700100004673,200,
1.5107998624444008,200,
15.481499955058098,200,
13.9552999753505,200,
1.458900049328804,200,
15.148099977523088,200,
13.640600023791194,200,
15.243300003930926,200,
15.499900095164776,200,
1.514800125733018,200,
14.977699844166636,200,
13.694500084966421,200,
1.3189001474529505,200,
15.163099858909845,200,
13.821400003507733,200,
1.3985000550746918,200,
15.30810003168881,200,
13.936599949374795,200,
1.3765001203864813,200,
14.662999892607331,200,
16.034199856221676,200,
16.3567999843508,200,
16.348699806258082,200,
1.4718999154865742,200,
14.48130002245307,200,
13.242200016975403,200,
15.853999881073833,200,
16.22479991056025,200,
2.3952999617904425,200,
2.307599876075983,200,
1.6626000870019197,200,
1.9367998465895653,200,
1.9646999426186085,200,
2.0712001714855433,200,
1.762300031259656,200,
2.107099862769246,200,
1.6860999166965485,200,
1.7140998970717192,200,
1.3180000241845846,200,
1.931200036779046,200,
1.9227999728173018,200,
2.206300152465701,200,
1.645199954509735,200,
2.5743001606315374,200,
2.3209000937640667,200,
2.615199889987707,200,
1.8319000955671072,200,
1.8483002204447985,200,
1.7540999688208103,200,
1.74840004183352,200,
1.7900001257658005,200,
1.9296000245958567,200,
1.8260001670569181,200,
2.2509999107569456,200,
1.6558000352233648,200,
1.9868998788297176,200,
2.4562000762671232,200,
2.5961000937968493,200,
1.648099860176444,200,
13.335500145331025,200,
15.51830000244081,200,
2.5385001208633184,200,
2.982600126415491,200,
2.2793998941779137,200,
2.406700048595667,200,
1.1598998680710793,200,
1.0232999920845032,200,
0.9822999127209187,200,
1.0317000560462475,200,
1.0804999619722366,200,
1.1424999684095383,200,
1.1585999745875597,200,
1.0607000440359116,200,
1.0655000805854797,200,
1.0544999968260527,200,
1.720199827104807,200,
1.406800001859665,200,
24.0987001452595,200,
1.104600029066205,200,
0.9975000284612179,200,
1.017299946397543,200,
0.9926001075655222,200,
24.14130000397563,200,
26.204199995845556,200,
15.541399829089642,200,
1.4446999412029982,200,
1.796599943190813,200,
1.6404001507908106,200,
1.6161000821739435,200,
1.6381999012082815,200,
1.6695999074727297,200,
1.8062000162899494,200,
1.8843000289052725,200,
2.9625999741256237,200,
3.3962999004870653,200,
1.7180000431835651,200,
3.3825000282377005,200,
1.6644999850541353,200,
17.00569991953671,200,
17.29449979029596,200,
15.26629994623363,200,
15.52890008315444,200,
1.4307000674307346,200,
13.748199911788106,200,
15.22039994597435,200,
1.3234000653028488,200,
13.899300014600158,200,
15.649700071662664,200,
19.804300041869283,200,
20.664599956944585,200,
6.2321999575942755,200,
28.289099922403693,200,
21.708799991756678,200,
7.063600001856685,200,
7.076599868014455,200,
21.99419983662665,200,
21.790299797430634,200,
1.6453999560326338,200,
13.253099983558059,200,
15.014699893072248,200,
1.3170000165700912,200,
14.738199999555945,200,
13.79250013269484,200,
15.340599929913878,200,
15.389200067147613,200,
14.94810008443892,200,
15.344899846240878,200,
15.035999938845634,200,
15.345300082117319,200,
1.3320997823029757,200,
15.836199978366494,200,
14.495099894702435,200,
1.3062998186796904,200,
14.035400003194809,200,
15.69050014950335,200,
14.417599886655807,200,
14.77729994803667,200,
15.584800159558654,200,
15.909400070086122,200,
1.7138998955488205,200,
13.140400173142552,200,
15.181700000539422,200,
1.474600052461028,200,
14.992000069469213,200,
13.770499965175986,200,
1.4581999275833368,200,
15.27850003913045,200,
14.313000021502376,200,
1.3707999605685472,200,
13.665700098499656,200,
15.35430015064776,200,
1.4828001148998737,200,
15.121199889108539,200,
13.615000061690807,200,
15.258100116625428,200,
15.308099798858166,200,
1.4443001709878445,200,
13.364899903535843,200,
15.182500006631017,200,
1.477999845519662,200,
13.556099962443113,200,
15.35430015064776,200,
1.5520998276770115,200,
13.77610000781715,200,
15.372100053355098,200,
16.462899977341294,200,
16.743699787184596,200,
1.650199992582202,200,
13.743499992415309,200,
12.412100099027157,200,
15.031999908387661,200,
15.394199872389436,200,
15.386000042781234,200,
15.449800062924623,200,
15.056599862873554,200,
15.438400208950043,200,
1.9598000217229128,200,
15.219999942928553,200,
13.21869995445013,200,
1.7731999978423119,200,
13.619699981063604,200,
15.849200077354908,200,
1.8402999266982079,200,
12.697699945420027,200,
14.528000028803945,200,
2.6461000088602304,200,
1.3401999603956938,200,
1.8456000834703445,200,
14.327999902889132,200,
24.77849996648729,200,
16.492699971422553,200,
15.132199972867966,200,
15.133599983528256,200,
2.5759998243302107,200,
2.6795000303536654,200,
1.9088999833911657,200,
1.8188001122325659,200,
1.7691999673843384,200,
1.803999999538064,200,
1.6395000275224447,200,
1.9349998328834772,200,
2.1208999678492546,200,
2.195000182837248,200,
2.045299857854843,200,
2.5686000008136034,200,
19.615299999713898,200,
19.51689994893968,200,
1.2972999829798937,200,
1.3498000334948301,200,
14.024400152266026,200,
26.590799912810326,200,
15.548799885436893,200,
1.6657998785376549,200,
14.016199856996536,200,
16.17790013551712,200,
14.17480013333261,200,
14.57150001078844,200,
15.12730005197227,200,
15.501799993216991,200,
15.799300046637654,200,
15.780599787831306,200,
1.3586001005023718,200,
14.69610002823174,200,
16.10720017924905,200,
14.87260009162128,200,
14.899899950250983,200,
1.311599975451827,200,
16.2712000310421,200,
15.278700040653348,200,
15.59840003028512,200,
15.589799964800477,200,
1.4569000340998173,200,
14.017699984833598,200,
15.477600041776896,200,
15.800700057297945,200,
16.12129993736744,200,
1.2934999540448189,200,
15.178399858996272,200,
16.811600187793374,200,
1.479600090533495,200,
14.961899956688285,200,
13.491799822077155,200,
1.3721000868827105,200,
2.6819000486284494,200,
2.190900035202503,200,
2.1089999936521053,200,
2.4633000139147043,200,
2.485099947080016,200,
2.1389001049101353,200,
2.3332000710070133,200,
3.1261001713573933,200,
3.6580997984856367,200,
3.5560999531298876,200,
2.9684000182896852,200,
2.8302001301199198,200,
1.752900192514062,200,
1.2204998638480902,200,
1.044499920681119,200,
1.052000094205141,200,
0.9838000405579805,200,
1.185599947348237,200,
0.9457000996917486,200,
1.0639999527484179,200,
1.729999901726842,200,
1.34680001065135,200,
15.315900091081858,200,
26.721199974417686,200,
1.5956999268382788,200,
15.624599996954203,200,
14.054300030693412,200,
1.558799995109439,200,
15.098599949851632,200,
13.40549997985363,200,
1.614999957382679,200,
2.734699985012412,200,
2.6592998765408993,200,
1.662899972870946,200,
3.2451997976750135,200,
1.1687001679092646,200,
24.441600078716874,200,
25.667899986729026,200,
15.684299869462848,200,
15.991599997505546,200,
1.5403998550027609,200,
1.0327999480068684,200,
1.5135998837649822,200,
1.6280999407172203,200,
14.296000124886632,200,
24.27159994840622,200,
15.922300051897764,200,
1.5266998670995235,200,
2.52739991992712,200,
2.205700147897005,200,
2.177499933168292,200,
2.6868998538702726,200,
2.9412000440061092,200,
2.5690998882055283,200,
2.8226999565958977,200,
3.6724000237882137,200,
2.1732000168412924,200,
18.873499939218163,200,
19.202199997380376,200,
15.737200155854225,200,
16.057200031355023,200,
1.4180000871419907,200,
15.095099806785583,200,
13.998999958857894,200,
15.47079998999834,200,
15.802999958395958,200,
1.4372000005096197,200,
16.448700102046132,200,
17.96730002388358,200,
1.2252000160515308,200,
1.0794999543577433,200,
1.2704001273959875,200,
1.1430999729782343,200,
12.352999998256564,200,
23.503300035372376,200,
16.286300029605627,200,
2.513499930500984,200,
2.5504000950604677,200,
1.6109999269247055,200,
1.9958000630140305,200,
1.4937999658286572,200,
1.0999999940395355,200,
1.0965000838041306,200,
1.087999902665615,200,
1.1232001706957817,200,
1.0446999222040176,200,
1.097199972718954,200,
1.4941999688744545,200,
1.8755998462438583,200,
25.785299949347973,200,
13.97760002873838,200,
2.776599954813719,200,
3.1826000194996595,200,
11.942700017243624,200,
12.224999954923987,200,
1.27399992197752,200,
14.202299993485212,200,
15.784699935466051,200,
15.285699861124158,200,
15.603200066834688,200,
15.540000051259995,200,
15.604800079017878,200,
1.617100089788437,200,
1.5746001154184341,200,
1.347599783912301,200,
1.693099969998002,200,
1.5424001030623913,200,
1.8937001004815102,200,
2.3173000663518906,200,
2.3229001089930534,200,
2.3823000956326723,200,
2.7741999365389347,200,
19.84770013950765,200,
20.2651999425143,200,
1.438200008124113,200,
1.115499995648861,200,
1.1417001951485872,200,
1.2284999247640371,200,
1.185400178655982,200,
1.0846999939531088,200,
1.4450999442487955,200,
1.3460998889058828,200,
17.172099789604545,200,
1.8633999861776829,200,
22.227699868381023,200,
13.356799958273768,200,
1.6713999211788177,200,
2.2404000628739595,200,
1.53230014257133,200,
2.087000058963895,200,
1.9026000518351793,200,
2.436600159853697,200,
1.865300117060542,200,
1.9702999852597713,200,
1.5692999586462975,200,
22.2615001257509,200,
24.534399854019284,200,
2.191100036725402,200,
1.5263999812304974,200,
14.9401999078691,200,
17.600599909201264,200,
28.820599894970655,200,
14.551199972629547,200,
14.96679987758398,200,
15.41729993186891,200,
15.959500102326274,200,
1.6833001282066107,200,
14.534299960359931,200,
13.254000106826425,200,
16.13019988872111,200,
16.02949993684888,200,
1.6348001081496477,200,
14.577799942344427,200,
13.209199998527765,200,
14.887100085616112,200,
15.20170015282929,200,
1.4539000112563372,200,
14.514500042423606,200,
15.999299939721823,200,
15.221500070765615,200,
15.230500139296055,200,
1.3982001692056656,200,
2.3620999418199062,200,
2.1614001598209143,200,
2.144699916243553,200,
2.6135998778045177,200,
3.3228998072445393,200,
3.4461000468581915,200,
2.978899981826544,200,
2.5005999486893415,200,
2.28899996727705,200,
2.223599934950471,200,
2.2330000065267086,200,
2.0613998640328646,200,
2.004799898713827,200,
2.22550006583333,200,
2.365400083363056,200,
2.2601999808102846,200,
2.6092000771313906,200,
4.930899944156408,200,
3.7271000910550356,200,
1.6334999818354845,200,
21.95720002055168,200,
20.340000046417117,200,
1.9048999529331923,200,
2.168599981814623,200,
1.8682999070733786,200,
2.172499895095825,200,
1.3272999785840511,200,
25.509299943223596,200,
24.52850015833974,200,
1.378699904307723,200,
14.167399844154716,200,
15.55079990066588,200,
14.607800170779228,200,
15.78949997201562,200,
1.0589000303298235,200,
0.9898999705910683,200,
1.0198999661952257,200,
12.268299935385585,200,
16.865799902006984,200,
20.670400001108646,200,
21.507399855181575,200,
6.4848000183701515,200,
4.663100000470877,200,
3.895999863743782,200,
25.15739994123578,200,
2.4034001398831606,200,
12.551099993288517,200,
24.421999929472804,200,
15.78629994764924,200,
16.126400092616677,200,
16.46700012497604,200,
16.761000035330653,200,
1.3804000336676836,200,
1.6613001935184002,200,
1.3361000455915928,200,
1.145699992775917,200,
1.30390003323555,200,
11.934799840673804,200,
15.530599979683757,200,
23.81230005994439,200,
15.933000016957521,200,
15.986100072041154,200,
14.832200016826391,200,
15.175600070506334,200,
1.3902999926358461,200,
15.110200038179755,200,
16.588700003921986,200,
15.50599979236722,200,
15.510600060224533,200,
1.3435001019388437,200,
15.908699948340654,200,
14.522799989208579,200,
1.3655000366270542,200,
15.09470003657043,200,
16.588900005444884,200,
1.539899967610836,200,
1.1021001264452934,200,
1.0607000440359116,200,
1.4476000797003508,200,
1.022400101646781,200,
1.1330998968333006,200,
1.0825998615473509,200,
1.0852999985218048,200,
1.4510999899357557,200,
13.906599953770638,200,
19.97809996828437,200,
17.5048999954015,200,
15.373900067061186,200,
15.192999970167875,200,
1.8939999863505363,200,
15.132599975913763,200,
13.481999980285764,200,
16.133399913087487,200,
16.428699949756265,200,
1.5449000056833029,200,
15.272800112143159,200,
14.013800071552396,200,
1.4384998939931393,200,
14.18609987013042,200,
15.973399858921766,200,
14.949200209230185,200,
14.936899999156594,200,
1.7230999656021595,200,
1.7444000113755465,200,
1.8534001428633928,200,
1.9076000899076462,200,
2.7248000260442495,200,
2.818099921569228,200,
2.0123999565839767,200,
2.34850007109344,200,
1.1036999057978392,200,
22.171299904584885,200,
21.36599994264543,200,
1.2548998929560184,200,
14.645799994468689,200,
15.89299994520843,200,
1.5925001353025436,200,
1.855999929830432,200,
1.3858000747859478,200,
1.677999971434474,200,
1.420699991285801,200,
1.7081999685615301,200,
1.5606998931616545,200,
27.09310012869537,200,
25.855100015178323,200,
15.266899950802326,200,
15.203800052404404,200,
15.02919988706708,200,
15.000300016254187,200,
15.399399911984801,200,
15.704100020229816,200,
1.1954999063163996,200,
14.015399850904942,200,
15.599499922245741,200,
1.562400022521615,200,
13.5345000308007,200,
15.218100044876337,200,
1.9243999850004911,200,
2.8081999626010656,200,
2.1341999527066946,200,
2.1345000714063644,200,
2.1367999725043774,200,
2.054800046607852,200,
1.9944000523537397,200,
2.086099935695529,200,
1.4498000964522362,200,
2.81929993070662,200,
1.2493999674916267,200,
19.27429996430874,200,
20.521200029179454,200,
15.279199928045273,200,
15.88699989952147,200,
13.867000117897987,200,
14.430299866944551,200,
1.7303000204265118,200,
2.121799858286977,200,
2.252700040116906,200,
2.7268000412732363,200,
2.789899939671159,200,
2.7836000081151724,200,
1.322499942034483,200,
0.9134998545050621,200,
0.923000043258071,200,
0.9065000340342522,200,
0.9824000298976898,200,
1.0279000271111727,200,
28.156499844044447,200,
22.27590000256896,200,
5.771299824118614,200,
19.451400032266974,200,
26.21549996547401,200,
1.7124998848885298,200,
1.0756999254226685,200,
1.0444000363349915,200,
1.1696999426931143,200,
1.1421998497098684,200,
1.5736999921500683,200,
15.309700043871999,200,
15.562999993562698,200,
23.37420010007918,200,
16.126400092616677,200,
16.19710004888475,200,
2.0302000921219587,200,
15.458800131455064,200,
13.729199999943376,200,
15.495700063183904,200,
15.812499914318323,200,
1.2743999250233173,200,
13.692500069737434,200,
15.351500129327178,200,
1.9577001221477985,200,
16.338200075551867,200,
14.817200135439634,200,
1.5424001030623913,200,
16.84299996122718,200,
15.903099905699492,200,
13.792699901387095,200,
14.343899907544255,200,
14.472499955445528,200,
14.415000099688768,200,
3.5300999879837036,200,
3.5312999971210957,200,
3.123900154605508,200,
26.025799801573157,200,
23.262100061401725,200,
1.258400036022067,200,
14.926399802789092,200,
16.554699977859855,200,
1.4746999368071556,200,
14.559300150722265,200,
13.333699898794293,200,
20.399600034579635,200,
21.122299833223224,200,
6.411500042304397,200,
5.239000078290701,200,
16.312899999320507,200,
29.047900112345815,200,
2.649600151926279,200,
13.099499978125095,200,
1.2370999902486801,200,
1.171699957922101,200,
1.130599994212389,200,
1.1374999303370714,200,
1.2258000206202269,200,
1.0888001415878534,200,
0.9768998716026545,200,
0.9576000738888979,200,
1.394100021570921,200,
1.3212000485509634,200,
1.827700063586235,200,
26.18440007790923,200,
2.765399869531393,200,
1.4401001390069723,200,
1.1219000443816185,200,
1.0670998599380255,200,
1.0822000913321972,200,
1.040400005877018,200,
1.2312999460846186,200,
1.0048002004623413,200,
1.0466999374330044,200,
1.2938999570906162,200,
1.6631998587399721,200,
2.713700057938695,200,
16.02929993532598,200,
2.0240000449121,200,
2.2848998196423054,200,
1.4030998572707176,200,
1.8976000137627125,200,
1.6367000062018633,200,
1.6271001659333706,200,
1.692499965429306,200,
1.611500047147274,200,
1.5169000253081322,200,
1.5279999934136868,200,
1.494299853220582,200,
1.5386000741273165,200,
1.723600085824728,200,
1.6077000182121992,200,
1.8876998219639063,200,
15.123599907383323,200,
20.12370014563203,200,
2.1204999648034573,200,
20.423300098627806,200,
19.013599958270788,200,
6.678299978375435,200,
27.423300081864,200,
21.720999851822853,200,
13.291499810293317,200,
13.656699797138572,200,
14.991899952292442,200,
15.02919988706708,200,
16.065899981185794,200,
16.033400082960725,200,
15.28290007263422,200,
15.566500136628747,200,
1.3061000499874353,200,
14.532999834045768,200,
16.18939987383783,200,
1.851300010457635,200,
2.186200115829706,200,
1.7628001514822245,200,
2.0254000555723906,200,
2.225899836048484,200,
2.510499907657504,200,
2.547699958086014,200,
2.99910013563931,200,
2.0330999977886677,200,
19.497100031003356,200,
22.143800044432282,200,
15.559800202026963,200,
16.00760011933744,200,
15.196599997580051,200,
15.623999992385507,200,
2.2579000797122717,200,
3.1930000986903906,200,
2.4082998279482126,200,
1.8257000483572483,200,
1.5547999646514654,200,
1.2248000130057335,200,
1.088300021365285,200,
22.26440003141761,200,
25.883099995553493,200,
1.4510001055896282,200,
12.28710007853806,200,
13.805900001898408,200,
1.843299949541688,200,
15.231200028210878,200,
13.321699807420373,200,
1.743400003761053,200,
2.0252999383956194,200,
1.9942999351769686,200,
2.0196998957544565,200,
2.2314998786896467,200,
2.263600006699562,200,
1.4958998654037714,200,
1.817299984395504,200,
1.576799899339676,200,
1.6069000121206045,200,
1.1925001163035631,200,
1.5054000541567802,200,
1.5100999735295773,200,
1.4229000080376863,200,
1.3437001034617424,200,
1.3778000138700008,200,
1.3780000153928995,200,
1.0065000969916582,200,
1.1980999261140823,200,
1.2055998668074608,200,
1.3458998873829842,200,
1.0486000683158636,200,
0.9661000221967697,200,
1.0020998306572437,200,
1.03859999217093,200,
0.9963999036699533,200,
0.996599905192852,200,
1.0171998292207718,200,
1.0384998749941587,200,
1.2250998988747597,200,
15.957199968397617,200,
17.654900206252933,200,
17.291500000283122,200,
1.5044999308884144,200,
13.749900041148067,200,
12.513200053945184,200,
1.7532999627292156,200,
1.8130999524146318,200,
1.424600137397647,200,
1.9107998814433813,200,
1.5478001441806555,200,
2.0019998773932457,200,
2.2393998224288225,200,
24.67319997958839,200,
23.586200084537268,200,
1.6869998071342707,200,
1.7860999796539545,200,
1.6499001067131758,200,
1.5570998657494783,200,
1.6109999269247055,200,
1.7367999535053968,200,
1.6372001264244318,200,
1.6141999512910843,200,
1.4410000294446945,200,
1.600000075995922,200,
24.27589986473322,200,
20.58540005236864,200,
1.7898001242429018,200,
2.0262999460101128,200,
1.479000085964799,200,
1.7013000324368477,200,
1.7711999826133251,200,
2.008400158956647,200,
1.8673001322895288,200,
1.9330000504851341,200,
1.5920998994261026,200,
1.9209999591112137,200,
1.838600030168891,200,
2.220200141891837,200,
2.1959999576210976,200,
2.5820001028478146,200,
2.2060999181121588,200,
2.169799990952015,200,
1.9035001751035452,200,
1.9410999957472086,200,
1.19089987128973,200,
12.783900136128068,200,
14.075899962335825,200,
2.7661998756229877,200,
2.78270011767745,200,
1.4210001099854708,200,
3.4018000587821007,200,
1.964600058272481,200,
1.868699910119176,200,
1.8710000440478325,200,
1.343900104984641,200,
1.2433999218046665,200,
1.619699876755476,200,
1.424799906089902,200,
21.91899996250868,200,
16.554699977859855,200,
16.283599892631173,200,
16.731200041249394,200,
15.553399920463562,200,
15.598499914631248,200,
2.4191001430153847,200,
2.4117999710142612,200,
2.7010999619960785,200,
2.6618000119924545,200,
1.7310997936874628,200,
25.641500018537045,200,
23.921299958601594,200,
2.7093999087810516,200,
16.27150014974177,200,
13.433199841529131,200,
1.4484000857919455,200,
1.0885000228881836,200,
16.927599906921387,200,
15.292600030079484,200,
3.9790000300854445,200,
4.050600109621882,200,
2.989400178194046,200,
21.187599981203675,200,
25.54480009712279,200,
1.725299982354045,200,
13.999799964949489,200,
15.747500117868185,200,
15.173800056800246,200,
15.30650001950562,200,
1.739300088956952,200,
2.057099947705865,200,
1.9167999271303415,200,
1.8843000289052725,200,
1.702300040051341,200,
1.9298000261187553,200,
1.9624000415205956,200,
2.253300044685602,200,
2.517599845305085,200,
2.573200035840273,200,
3.270300105214119,200,
3.2961999531835318,200,
1.868800027295947,200,
2.2368000354617834,200,
2.3415000177919865,200,
2.224699826911092,200,
1.8034998793154955,200,
1.784800086170435,200,
1.4708999078720808,200,
1.7375999595969915,200,
1.3407000806182623,200,
1.6089000273495913,200,
1.949500059708953,200,
2.214999869465828,200,
2.2100000642240047,200,
2.2332000080496073,200,
1.7560000997036695,200,
1.0291000362485647,200,
0.8382999803870916,200,
15.422299969941378,200,
19.28170002065599,200,
1.46280019544065,200,
1.2928999494761229,200,
1.2008999474346638,200,
1.0663000866770744,200,
0.8807999547570944,200,
0.879199942573905,200,
0.9351999033242464,200,
1.0424000211060047,200,
0.9699000511318445,200,
1.524300081655383,200,
1.5945001505315304,200,
14.579299837350845,200,
2.7475999668240547,200,
14.298800146207213,200,
16.042300034314394,200,
1.4851000159978867,200,
1.3274999801069498,200,
15.880399849265814,200,
12.971699936315417,200,
1.7154999077320099,200,
16.887399833649397,200,
16.2600998301059,200,
3.7890998646616936,200,
15.989799983799458,200,
4.601800115779042,200,
3.2741001341491938,200,
26.297299889847636,200,
3.8308000657707453,200,
12.019600020721555,200,
21.020400105044246,200,
2.0790998823940754,200,
2.3797000758349895,200,
2.1826999727636576,200,
2.78270011767745,200,
2.283399924635887,200,
24.13130016066134,200,
26.21679985895753,200,
1.731000142171979,200,
1.6809001099318266,200,
2.0375000312924385,200,
2.1339000668376684,200,
1.807499909773469,200,
1.7633000388741493,200,
1.821999903768301,200,
2.0748001988977194,200,
1.6301001887768507,200,
1.6191001050174236,200,
1.6141999512910843,200,
1.6574999317526817,200,
1.553600188344717,200,
1.5354999341070652,200,
1.4356998726725578,200,
1.6471999697387218,200,
1.581400167196989,200,
1.7915999051183462,200,
1.3515001628547907,200,
1.6101000364869833,200,
1.2858998961746693,200,
1.550900051370263,200,
1.8408999312669039,200,
2.104500075802207,200,
1.213700044900179,200,
1.3718998525291681,200,
22.18109997920692,200,
25.212900014594197,200,
1.5481000300496817,200,
1.8841000273823738,200,
1.5368000604212284,200,
1.0369999799877405,200,
1.2035002000629902,200,
1.1670999228954315,200,
1.4390998985618353,200,
1.2198002077639103,200,
1.9964000675827265,200,
12.38019997254014,200,
17.268900061026216,200,
20.00769996084273,200,
1.2789000757038593,200,
1.0282001458108425,200,
0.9187001269310713,200,
15.353300143033266,200,
12.372700031846762,200,
1.2350000906735659,200,
2.8625999111682177,200,
1.583700068295002,200,
1.225300133228302,200,
12.055499944835901,200,
29.024000046774745,200,
18.373499857261777,200,
4.934799857437611,200,
30.151200015097857,200,
25.909599848091602,200,
26.786099886521697,200,
27.364500099793077,200,
1.4804999809712172,200,
1.8517000135034323,200,
2.3363998625427485,200,
2.750399988144636,200,
3.3660000190138817,200,
3.3005999866873026,200,
2.1452000364661217,200,
2.523600123822689,200,
21.86509990133345,200,
21.829300094395876,200,
1.4106000307947397,200,
14.49920004233718,200,
15.986200189217925,200,
15.899599995464087,200,
16.105999937281013,200,
1.829999964684248,200,
1.5498001594096422,200,
1.5056999400258064,200,
1.7451001331210136,200,
1.720199827104807,200,
2.4600999895483255,200,
2.074599964544177,200,
2.2652000188827515,200,
2.1854001097381115,200,
1.950700068846345,200,
1.6303998418152332,200,
1.6503001097589731,200,
1.5503999311476946,200,
1.4384998939931393,200,
0.9568999521434307,200,
1.1088999453932047,200,
1.0055000893771648,200,
1.056100009009242,200,
0.9995999280363321,200,
0.9657999034970999,200,
0.9882999584078789,200,
1.3737999834120274,200,
17.95420004054904,200,
15.390600077807903,200,
24.421000154688954,200,
1.34379998780787,200,
16.189099987968802,200,
14.981599990278482,200,
1.9585001282393932,200,
2.3798001930117607,200,
1.1493999045342207,200,
13.318000128492713,200,
14.499800046905875,200,
1.986099872738123,200,
2.2525000385940075,200,
1.3007000088691711,200,
12.614900013431907,200,
26.468999916687608,200,
15.62640001066029,200,
1.4872001484036446,200,
14.400099869817495,200,
15.682099852710962,200,
1.4869000297039747,200,
12.88990001194179,200,
14.459699857980013,200,
1.2777999509125948,200,
16.110199969261885,200,
15.29760006815195,200,
1.3423000928014517,200,
16.08729991130531,200,
14.588200021535158,200,
1.309199957177043,200,
1.4470999594777822,200,
14.101500157266855,200,
15.53999981842935,200,
26.82269993238151,200,
1.8378999084234238,200,
2.2424000781029463,200,
2.6161998976022005,200,
3.098099958151579,200,
3.845600178465247,200,
3.89809999614954,200,
1.5494001563638449,200,
1.3906999956816435,200,
19.69800004735589,200,
23.039399879053235,200,
1.6786002088338137,200,
1.9405002240091562,200,
1.7061999533325434,200,
1.7365999519824982,200,
2.4816999211907387,200,
2.7862999122589827,200,
2.2570001892745495,200,
2.576300175860524,200,
2.1278997883200645,200,
2.5323000736534595,200,
1.7757001332938671,200,
2.2104999516159296,200,
1.284899888560176,200,
18.55410006828606,200,
17.76439999230206,200,
3.5296001005917788,200,
6.063600070774555,200,
5.2547999657690525,200,
4.895000020042062,200,
4.584799986332655,200,
3.311699954792857,200,
1.5065001789480448,200,
2.7938999701291323,200,
12.676900019869208,200,
12.987999944016337,200,
1.1112999636679888,200,
1.0736999101936817,200,
1.050999853760004,200,
1.050800085067749,200,
1.0665999725461006,200,
1.0117997881025076,200,
1.02499988861382,200,
1.0079999919980764,200,
1.5318000223487616,200,
1.3545998372137547,200,
15.374199952930212,200,
1.0780999436974525,200,
15.347500098869205,200,
20.270599983632565,200,
17.035300144925714,200,
17.170700011774898,200,
3.1501001212745905,200,
14.43939981982112,200,
30.14739998616278,200,
19.94420005939901,200,
6.019399967044592,200,
28.155000181868672,200,
23.077999940142035,200,
3.4133000299334526,200,
2.535700099542737,200,
12.604799820110202,200,
15.338599914684892,200,
21.703500067815185,200,
1.5522998291999102,200,
15.365500003099442,200,
13.782199937850237,200,
15.95239993184805,200,
15.977100003510714,200,
1.2779999524354935,200,
15.922799939289689,200,
14.664200134575367,200,
1.8843999132514,200,
2.2121998481452465,200,
1.8613000866025686,200,
1.8291000742465258,200,
3.4183000680059195,200,
3.8010000716894865,200,
1.7998998519033194,200,
1.7538000829517841,200,
22.598999785259366,200,
19.61950003169477,200,
1.2964000925421715,200,
14.497300144284964,200,
16.08630013652146,200,
1.3980998191982508,200,
13.797200052067637,200,
15.322400024160743,200,
1.967799849808216,200,
2.345600165426731,200,
2.09349999204278,200,
1.9606000278145075,200,
1.3099999632686377,200,
1.0550001170486212,200,
1.1411001905798912,200,
1.1297999881207943,200,
1.1372999288141727,200,
20.799699937924743,200,
27.12980005890131,200,
14.767799992114305,200,
15.626499895006418,200,
1.770599978044629,200,
1.94390001706779,200,
1.1895999778062105,200,
0.9922999888658524,200,
1.1034999042749405,200,
0.9173001162707806,200,
0.9702001698315144,200,
0.9417999535799026,200,
1.0032998397946358,200,
1.0084998793900013,200,
13.280600076541305,200,
16.557900002226233,200,
21.28449990414083,200,
14.406800037249923,200,
14.767299871891737,200,
3.0485999304801226,200,
3.3539000432938337,200,
26.837500045076013,200,
27.17079990543425,200,
14.330000150948763,200,
14.915300067514181,200,
1.405299874022603,200,
14.676899882033467,200,
16.15179982036352,200,
16.172700095921755,200,
16.533799935132265,200,
14.27090005017817,200,
14.59199981763959,200,
1.3713000807911158,200,
14.637400163337588,200,
16.081899870187044,200,
16.257999930530787,200,
16.282999888062477,200,
1.4500999823212624,200,
1.7379000782966614,200,
1.5175000298768282,200,
1.7375999595969915,200,
12.559999944642186,200,
12.94609997421503,200,
1.745699904859066,200,
2.099700039252639,200,
1.4195998664945364,200,
1.8130000680685043,200,
1.7815998289734125,200,
1.730100018903613,200,
1.57919991761446,200,
1.5165000222623348,200,
2.2444999776780605,200,
2.912400057539344,200,
2.0900999661535025,200,
2.6148001197725534,200,
1.357200089842081,200,
1.633599866181612,200,
1.1950000189244747,200,
1.1837000492960215,200,
0.9981000330299139,200,
0.9806000161916018,200,
1.0557998903095722,200,
1.013800036162138,200,
0.9476998820900917,200,
1.0406000073999166,200,
0.9586000815033913,200,
0.9586999658495188,200,
1.5175999142229557,200,
18.533799797296524,200,
18.325099954381585,200,
15.954500064253807,200,
1.706399954855442,200,
20.571100059896708,200,
19.297100137919188,200,
6.280699977651238,200,
25.860000168904662,200,
18.992400029674172,200,
2.3364999797195196,200,
1.2602999340742826,200,
14.15379997342825,200,
1.1815999168902636,200,
1.060799928382039,200,
1.5338999219238758,200,
1.125900074839592,200,
1.3136002235114574,200,
1.3429999817162752,200,
1.093400176614523,200,
26.33590018376708,200,
22.712400183081627,200,
15.994199784472585,200,
15.1893999427557,200,
15.593299875035882,200,
15.17149992287159,200,
15.074500115588307,200,
1.2890000361949205,200,
16.027099918574095,200,
14.787800144404173,200,
1.680700108408928,200,
1.6018999740481377,200,
1.607599901035428,200,
1.6894000582396984,200,
1.5086999628692865,200,
1.7822999507188797,200,
1.3509001582860947,200,
1.6206000000238419,200,
1.7300001345574856,200,
1.9247999880462885,200,
1.7683999612927437,200,
2.0572999492287636,200,
1.3713999651372433,200,
18.843699945136905,200,
21.039800019934773,200,
1.2668000999838114,200,
16.377000138163567,200,
15.168700134381652,200,
1.5719002112746239,200,
1.8809998873621225,200,
1.518599921837449,200,
1.87409995123744,200,
1.5058000572025776,200,
1.936999848112464,200,
1.778499921783805,200,
1.7504999414086342,200,
2.460499992594123,200,
2.7457999531179667,200,
1.7228999640792608,200,
21.94219990633428,200,
20.49240004271269,200,
2.1633999422192574,200,
2.564700087532401,200,
1.7131001222878695,200,
2.108300104737282,200,
1.2784998398274183,200,
1.1463998816907406,200,
1.0918998159468174,200,
1.0947000700980425,200,
1.0390998795628548,200,
1.2079998850822449,200,
26.5671000815928,200,
19.765699980780482,200,
1.8927000928670168,200,
1.4085001312196255,200,
1.1756999883800745,200,
13.546699890866876,200,
16.350400168448687,200,
25.52199992351234,200,
3.0543000902980566,200,
3.5262000747025013,200,
2.0204000174999237,200,
24.03030009008944,200,
26.15759987384081,200,
1.8319000955671072,200,
2.187199890613556,200,
13.665700098499656,200,
13.733700150623918,200,
1.249199965968728,200,
16.22490002773702,200,
14.909100020304322,200,
1.6818000003695488,200,
12.723900144919753,200,
14.561699936166406,200,
1.62209989503026,200,
2.0240999292582273,200,
2.037700032815337,200,
1.9909001421183348,200,
1.307399943470955,200,
11.706999968737364,200,
1.1458001099526882,200,
0.9920999873429537,200,
0.9793001227080822,200,
1.1062000412493944,200,
26.13430004566908,200,
15.74230007827282,200,
27.468299958854914,200,
1.6330999787896872,200,
1.5744001138955355,200,
1.5609001275151968,200,
1.820300007238984,200,
1.5682000666856766,200,
1.6106001567095518,200,
1.6931998543441296,200,
1.6738001722842455,200,
1.4304998330771923,200,
1.6537001356482506,200,
1.517399912700057,200,
1.7498000524938107,200,
1.6282000578939915,200,
1.367000164464116,200,
1.3434002175927162,200,
1.3673000503331423,200,
1.0811001993715763,200,
1.025400124490261,200,
1.022599870339036,200,
1.0073999874293804,200,
1.0323000606149435,200,
1.0279000271111727,200,
0.9703000541776419,200,
1.8204001244157553,200,
0.9570999536663294,200,
20.14999999664724,200,
16.736899968236685,200,
20.90519992634654,200,
2.3900000378489494,200,
2.6518998201936483,200,
2.2023001220077276,200,
2.28599994443357,200,
1.4851000159978867,200,
26.241099927574396,200,
24.944999953731894,200,
14.34530015103519,200,
14.18810011819005,200,
1.3481001369655132,200,
1.5807000454515219,200,
12.858300004154444,200,
16.11270010471344,200,
15.85309999063611,200,
15.907299937680364,200,
1.231800066307187,200,
20.57940000668168,200,
19.901700085029006,200,
5.162999965250492,200,
26.571299880743027,200,
21.836099913343787,200,
1.7556000966578722,200,
2.076700096949935,200,
1.2628999538719654,200,
1.5746999997645617,200,
1.5578002203255892,200,
2.1679000928997993,200,
2.243499970063567,200,
1.0887000244110823,200,
1.2900999281555414,200,
21.361000137403607,200,
25.192299857735634,200,
1.7385000828653574,200,
1.7644998151808977,200,
1.6815999988466501,200,
1.6753999516367912,200,
1.149000134319067,200,
1.7655000556260347,200,
1.4927999582141638,200,
1.487300032749772,200,
2.3044999688863754,200,
2.3179000709205866,200,
1.5130999963730574,200,
28.852999908849597,200,
28.339199954643846,200,
5.064299795776606,200,
24.933800101280212,200,
19.41639999859035,200,
1.5275999903678894,200,
1.878000097349286,200,
1.6856999136507511,200,
1.6580999363213778,200,
1.7387999687343836,200,
1.7428998835384846,200,
1.646100077778101,200,
1.9481000490486622,200,
1.6944999806582928,200,
1.6458998434245586,200,
1.419000094756484,200,
1.9175999332219362,200,
1.6381999012082815,200,
19.119600066915154,200,
20.68329998292029,200,
2.0528999157249928,200,
16.22510002925992,200,
18.43079994432628,200,
3.738400060683489,200,
14.548399951308966,200,
16.487699933350086,200,
27.82019996084273,200,
1.6167000867426395,200,
1.1962999124079943,200,
1.3189001474529505,200,
22.827000124379992,200,
27.152599999681115,200,
3.0191000550985336,200,
3.3725998364388943,200,
3.298299852758646,200,
3.910499857738614,200,
3.2130000181496143,200,
3.047300036996603,200,
3.3271999564021826,200,
3.5043000243604183,200,
2.797699999064207,200,
2.7550000231713057,200,
2.7291998267173767,200,
2.635299926623702,200,
3.800800070166588,200,
4.131400026381016,200,
21.934499964118004,200,
21.92449988797307,200,
2.713399939239025,200,
2.6796001475304365,200,
1.4633999671787024,200,
11.374100111424923,200,
16.72559999860823,200,
26.913899928331375,200,
1.2451999355107546,200,
15.953700058162212,200,
14.766300097107887,200,
1.7933000344783068,200,
1.0903999209403992,200,
0.9205001406371593,200,
0.9318001102656126,200,
0.9574999567121267,200,
0.8980999700725079,200,
1.102200010791421,200,
0.8708001114428043,200,
1.1011001188308,200,
1.8576998263597488,200,
1.8024998717010021,200,
14.107299968600273,200,
1.6465000808238983,200,
15.61330002732575,200,
14.286499936133623,200,
1.7001999076455832,200,
18.510699970647693,200,
20.572099834680557,200,
4.578800173476338,200,
25.798399932682514,200,
31.583699863404036,200,
5.9714000672101974,200,
20.559699973091483,200,
27.44810003787279,200,
2.253499813377857,200,
1.6146998386830091,200,
14.649299904704094,200,
15.51860012114048,200,
26.595199946314096,200,
15.084299957379699,200,
15.465299831703305,200,
2.0210000220686197,200,
2.287900075316429,200,
1.699900021776557,200,
1.7158000264316797,200,
1.961100148037076,200,
2.244699979200959,200,
25.426099775359035,200,
25.32520005479455,200,
2.336899982765317,200,
2.6187000330537558,200,
1.438500126823783,200,
1.7088998574763536,200,
1.768199959769845,200,
1.7362998332828283,200,
1.932299928739667,200,
2.296899911016226,200,
2.2305999882519245,200,
2.097100019454956,200,
2.1208999678492546,200,
2.176400041207671,200,
18.15890008583665,200,
18.120700027793646,200,
1.2979998718947172,200,
15.824700007215142,200,
14.58210009150207,200,
2.0764002110809088,200,
2.4848999455571175,200,
1.4752999413758516,200,
1.9791999366134405,200,
1.3778998982161283,200,
1.546700019389391,200,
1.4027999714016914,200,
1.2640999630093575,200,
1.2709000147879124,200,
1.2668999843299389,200,
1.2032999657094479,200,
1.2145000509917736,200,
1.3635000213980675,200,
1.8865999300032854,200,
2.109199995175004,200,
1.249500084668398,200,
18.673700047656894,200,
16.223999904468656,200,
3.4039998427033424,200,
12.868599966168404,200,
16.032699961215258,200,
1.9682999700307846,200,
1.705799950286746,200,
1.1497000232338905,200,
14.326300006359816,200,
16.153099946677685,200,
26.03060007095337,200,
14.411500189453363,200,
15.121000120416284,200,
1.3052001595497131,200,
16.02380000986159,200,
14.751899987459183,200,
15.951399924233556,200,
15.892300056293607,200,
1.3176000211387873,200,
15.78329992480576,200,
14.473200077190995,200,
1.6272999346256256,200,
1.905099954456091,200,
1.5803000424057245,200,
1.6179000958800316,200,
2.328400034457445,200,
2.3956000804901123,200,
2.9064000118523836,200,
3.082199953496456,200,
20.928099984303117,200,
21.35050017386675,200,
1.5117998700588942,200,
1.16460002027452,200,
1.0633000638335943,200,
1.0454999282956123,200,
10.971100069582462,200,
15.954699832946062,200,
1.4520001132041216,200,
1.774500124156475,200,
2.326000016182661,200,
2.587700029835105,200,
1.6070001292973757,200,
1.8111001700162888,200,
1.56589993275702,200,
1.864599995315075,200,
2.360100159421563,200,
2.3758001625537872,200,
1.644300064072013,200,
1.36009999550879,200,
1.0288001503795385,200,
1.0481998324394226,200,
0.9773001074790955,200,
0.9378001559525728,200,
0.9834000375121832,200,
0.9331000037491322,200,
0.9037000127136707,200,
20.561000099405646,200,
20.34100005403161,200,
31.315100146457553,200,
3.4560998901724815,200,
27.63790008611977,200,
23.886999813839793,200,
2.092400100082159,200,
13.4101000148803,200,
16.15829998627305,200,
27.444300008937716,200,
1.649100100621581,200,
15.155900036916137,200,
13.884600019082427,200,
2.240600064396858,200,
2.6551000773906708,200,
13.715999899432063,200,
14.05439991503954,200,
1.4390000142157078,200,
0.995200127363205,200,
1.047800062224269,200,
14.071599813178182,200,
1.135299913585186,200,
1.0881999041885138,200,
1.3200999237596989,200,
25.7343000266701,200,
11.836499907076359,200,
1.226099906489253,200,
16.23829989694059,200,
15.001200139522552,200,
1.4760000631213188,200,
14.588499907404184,200,
16.138599952682853,200,
15.725099947303534,200,
15.741499839350581,200,
14.852199936285615,200,
14.818900031968951,200,
1.551999943330884,200,
13.524399837478995,200,
15.109200030565262,200,
1.910200109705329,200,
1.992400037124753,200,
1.0661999695003033,200,
1.07849994674325,200,
1.194800017401576,200,
1.0767998173832893,200,
1.0079999919980764,200,
0.9701999370008707,200,
1.1397001799196005,200,
13.524999842047691,200,
1.1517000384628773,200,
1.0077999904751778,200,
1.0118999052792788,200,
0.9806999005377293,200,
1.1497000232338905,200,
0.9798000101000071,200,
0.9669999126344919,200,
0.9848000481724739,200,
0.974099850282073,200,
2.150899963453412,200,
21.61649987101555,200,
19.642099970951676,200,
15.58540016412735,200,
16.2043001037091,200,
16.166900051757693,200,
1.8400000408291817,200,
1.1723998468369246,200,
1.150700030848384,200,
1.2287001591175795,200,
1.1990000493824482,200,
1.1350999120622873,200,
1.078600063920021,200,
1.1303001083433628,200,
1.272900030016899,200,
15.15519991517067,200,
2.0228999201208353,200,
1.7194000538438559,200,
19.735600100830197,200,
12.290500104427338,200,
15.046999789774418,200,
15.347500098869205,200,
1.3882999774068594,200,
15.037499833852053,200,
13.428000034764409,200,
15.135100111365318,200,
15.137000009417534,200,
15.421900199726224,200,
15.452299965545535,200,
1.3006001245230436,200,
13.939799973741174,200,
15.222599962726235,200,
16.118899919092655,200,
16.31100010126829,200,
1.976100029423833,200,
1.760000130161643,200,
1.5477000270038843,200,
1.8037999980151653,200,
1.5040000434964895,200,
1.8939999863505363,200,
1.8090000376105309,200,
1.3796999119222164,200,
21.29560010507703,200,
24.59289995022118,200,
1.389599870890379,200,
16.348500037565827,200,
15.402799937874079,200,
15.900100115686655,200,
15.856099780648947,200,
15.828699804842472,200,
15.710400184616446,200,
1.4353999868035316,200,
15.50929993391037,200,
14.330799924209714,200,
1.3083999510854483,200,
13.862199848517776,200,
15.560900093987584,200,
15.84709994494915,200,
16.323199961334467,200,
15.586299821734428,200,
16.012900043278933,200,
1.6259998083114624,200,
14.901500195264816,200,
16.95389999076724,200,
15.803199959918857,200,
15.918700024485588,200,
1.852699788287282,200,
13.130800100043416,200,
15.11529996059835,200,
2.802100032567978,200,
2.528300043195486,200,
1.9270998891443014,200,
1.3321998994797468,200,
1.1227999348193407,200,
1.934099942445755,200,
1.1250001844018698,200,
1.3860000763088465,200,
1.1090000625699759,200,
1.1412999592721462,200,
12.44509988464415,200,
16.87090005725622,200,
16.137999948114157,200,
15.29760006815195,200,
15.332499984651804,200,
15.241599874570966,200,
15.608099987730384,200,
15.224199974909425,200,
15.209800098091364,200,
1.3100998476147652,200,
15.067400177940726,200,
13.776600128039718,200,
1.4314998406916857,200,
13.589499983936548,200,
15.09109977632761,200,
15.896099852398038,200,
15.929199988022447,200,
15.859600156545639,200,
15.879800077527761,200,
1.9759000279009342,200,
1.9690999761223793,200,
2.0534999202936888,200,
2.0848000422120094,200,
2.1037000697106123,200,
2.140199998393655,200,
1.68190011754632,200,
2.0586999598890543,200,
1.6998001374304295,200,
2.1792000625282526,200,
1.9662999548017979,200,
2.761600073426962,200,
2.1273999009281397,200,
2.833999926224351,200,
2.2345001343637705,200,
2.585700014606118,200,
2.1266001276671886,200,
2.0269998349249363,200,
1.7822000663727522,200,
2.040900057181716,200,
1.5845999587327242,200,
1.9012000411748886,200,
1.8989001400768757,200,
1.863999990746379,200,
1.7415001057088375,200,
1.7458000220358372,200,
1.819700002670288,200,
1.8228001426905394,200,
18.888199934735894,200,
15.454700216650963,200,
16.119400039315224,200,
16.199399949982762,200,
1.9886998925358057,200,
3.7223000545054674,200,
2.670600078999996,200,
1.8992000259459019,200,
3.239000216126442,200,
1.297699986025691,200,
24.186300113797188,200,
23.334800032898784,200,
15.323500148952007,200,
15.094100032001734,200,
1.3685999438166618,200,
15.930100111290812,200,
14.557200018316507,200,
15.354400034993887,200,
15.307500027120113,200,
16.62050001323223,200,
16.87539997510612,200,
1.7404998652637005,200,
1.7303000204265118,200,
1.6545001417398453,200,
1.962900161743164,200,
2.0604999735951424,200,
2.009300049394369,200,
1.5235000755637884,200,
1.1395998299121857,200,
0.9395999368280172,200,
21.39910007826984,200,
25.458900025114417,200,
1.1003999970853329,200,
1.0579999070614576,200,
13.80539988167584,200,
16.331200022250414,200,
1.2419000267982483,200,
14.875200111418962,200,
16.40719990245998,200,
1.3003998901695013,200,
13.560800114646554,200,
15.150199877098203,200,
2.1164000499993563,200,
16.09629997983575,200,
13.244099915027618,200,
15.4534000903368,200,
15.790299978107214,200,
15.865099849179387,200,
15.954099828377366,200,
15.629699919372797,200,
15.66220005042851,200,
16.257799929007888,200,
16.28579990938306,200,
1.506300177425146,200,
1.0722000151872635,200,
1.1233000550419092,200,
1.2868999037891626,200,
1.1032999027520418,200,
1.1529999319463968,200,
1.0979999788105488,200,
1.0296001564711332,200,
1.050200080499053,200,
1.5221000649034977,200,
14.162600040435791,200,
16.521599842235446,200,
18.493100069463253,200,
14.350099954754114,200,
14.760500052943826,200,
18.016499932855368,200,
18.186199944466352,200,
3.0906000174582005,200,
2.9763998463749886,200,
29.723299900069833,200,
30.70320002734661,200,
6.150899920612574,200,
20.63200017437339,200,
26.294999988749623,200,
14.814400114119053,200,
15.231900149956346,200,
15.232600038871169,200,
15.17909998074174,200,
1.5591999981552362,200,
0.9949000086635351,200,
1.1261999607086182,200,
1.1794001329690218,200,
1.1990999337285757,200,
1.05489999987185,200,
15.408699866384268,200,
1.2304999399930239,200,
1.2060999870300293,200,
1.1416999623179436,200,
1.0293000377714634,200,
1.1962999124079943,200,
1.0954998433589935,200,
2.2317999973893166,200,
24.614700116217136,200,
23.281400091946125,200,
16.53569983318448,200,
1.5837999526411295,200,
15.419499948620796,200,
13.701099902391434,200,
1.7339999321848154,200,
16.245099948719144,200,
14.951499877497554,200,
13.574100099503994,200,
14.136099955067039,200,
2.408399945124984,200,
2.3795999586582184,200,
1.8319000955671072,200,
1.8825000151991844,200,
1.72149995341897,200,
2.0405000541359186,200,
1.6648001037538052,200,
1.648399978876114,200,
1.4873999170958996,200,
1.8903999589383602,200,
1.3219001702964306,200,
1.0071999859064817,200,
1.0913999285548925,200,
1.4775001909583807,200,
1.3270999770611525,200,
1.634799875319004,200,
1.276100054383278,200,
0.9447999764233828,200,
0.9963000193238258,200,
1.1585000902414322,200,
1.022400101646781,200,
1.0089999996125698,200,
0.9624001104384661,200,
1.0152000468224287,200,
0.9820000268518925,200,
1.035700086504221,200,
1.9156001508235931,200,
20.636099856346846,200,
1.9563001114875078,200,
2.2928998805582523,200,
2.378700068220496,200,
2.6511000469326973,200,
1.231800066307187,200,
10.606399970129132,200,
1.3530999422073364,200,
1.2252999003976583,200,
1.4114000368863344,200,
12.543599819764495,200,
26.10150002874434,200,
16.05490013025701,200,
16.018100082874298,200,
1.5020000282675028,200,
16.00449997931719,200,
14.459499856457114,200,
14.6482998970896,200,
14.74329992197454,200,
1.3129999861121178,200,
14.037000015377998,200,
15.329900197684765,200,
1.420399872586131,200,
2.4442002177238464,200,
2.184799872338772,200,
2.0739000756293535,200,
1.9239000976085663,200,
3.096700180321932,200,
1.4331999700516462,200,
23.73270015232265,200,
22.290199995040894,200,
1.8010002095252275,200,
16.64709998294711,200,
15.172600047662854,200,
13.96130002103746,200,
14.36160015873611,200,
1.3166998978704214,200,
14.767099870368838,200,
16.2561999168247,200,
16.098499996587634,200,
15.977300005033612,200,
1.8635999877005816,200,
2.188500016927719,200,
1.2876999098807573,200,
1.1325001250952482,200,
1.3541998341679573,200,
1.17790000513196,200,
1.1770001146942377,200,
1.0293000377714634,200,
1.039300113916397,200,
1.5141000039875507,200,
1.5728999860584736,200,
12.373600155115128,200,
15.697400085628033,200,
16.799000091850758,200,
16.077999956905842,200,
16.044900054112077,200,
1.5871000941842794,200,
14.559000032022595,200,
16.468500019982457,200,
15.73599991388619,200,
16.077999956905842,200,
1.4436999335885048,200,
13.01450002938509,200,
14.472699956968427,200,
15.258800005540252,200,
15.636600088328123,200,
1.3287998735904694,200,
13.447199948132038,200,
14.748399844393134,200,
1.3461001217365265,200,
15.688400017097592,200,
14.3287000246346,200,
1.3152000028640032,200,
14.237100025638938,200,
15.856399899348617,200,
1.3653000351041555,200,
1.17759988643229,200,
1.2199999764561653,200,
1.2940000742673874,200,
1.3174000196158886,200,
15.868099872022867,200,
1.2695000041276217,200,
1.1406999547034502,200,
1.088599907234311,200,
25.79919993877411,200,
12.999699916690588,200,
1.450299983844161,200,
1.0907999239861965,200,
1.0826000943779945,200,
12.183200102299452,200,
15.977500006556511,200,
1.2458001729100943,200,
15.651399968191981,200,
14.688899973407388,200,
1.2902000453323126,200,
14.625099953263998,200,
16.243499936535954,200,
1.2519999872893095,200,
14.796000206843019,200,
13.819499872624874,200,
15.755800064653158,200,
16.08470012433827,200,
1.2793999630957842,200,
15.497500076889992,200,
16.815599985420704,200,
1.9591001328080893,200,
2.299400046467781,200,
1.886199926957488,200,
2.1387001033872366,200,
1.3189997989684343,200,
25.708199944347143,200,
24.445299990475178,200,
15.513600083068013,200,
15.961899887770414,200,
14.205500017851591,200,
14.744800049811602,200,
1.6175000928342342,200,
14.607699820771813,200,
13.392300112172961,200,
16.0760001745075,200,
16.417500097304583,200,
14.805000042542815,200,
15.143200056627393,200,
14.96569998562336,200,
15.30680013820529,200,
1.4851000159978867,200,
14.290899969637394,200,
15.911800088360906,200,
1.2504998594522476,200,
13.313599862158298,200,
14.930700184777379,200,
1.3287998735904694,200,
14.559099916368723,200,
16.261299839243293,200,
15.203400049358606,200,
15.575700206682086,200,
1.4459998346865177,200,
1.0663000866770744,200,
16.222900012508035,200,
19.03140009380877,200,
2.351100090891123,200,
1.3598999939858913,200,
1.574499998241663,200,
1.60879991017282,200,
1.3747999910265207,200,
3.4042999614030123,200,
11.920299846678972,200,
2.48149991966784,200,
15.386400045827031,200,
13.342699967324734,200,
2.9310998506844044,200,
3.418399952352047,200,
1.772100105881691,200,
2.0449000876396894,200,
1.923699863255024,200,
1.9607001449912786,200,
1.6568000428378582,200,
22.129799937829375,200,
21.38109994120896,200,
2.061600098386407,200,
13.81879998371005,200,
15.839900122955441,200,
15.923199942335486,200,
15.866499859839678,200,
1.259499927982688,200,
15.613500028848648,200,
14.384299982339144,200,
15.093600144609809,200,
16.244000056758523,200,
15.965400030836463,200,
15.150999883189797,200,
1.3968001585453749,200,
1.0567998979240656,200,
1.0072998702526093,200,
1.1412999592721462,200,
1.317300135269761,200,
1.2276999186724424,200,
15.151300001889467,200,
24.484199937433004,200,
16.668899916112423,200,
1.252500107511878,200,
14.90489998832345,200,
13.63059994764626,200,
1.6783999744802713,200,
1.6167000867426395,200,
1.5912000089883804,200,
1.8136999569833279,200,
1.5708999708294868,200,
1.573299989104271,200,
1.4338998589664698,200,
1.6256999224424362,200,
1.1269999668002129,200,
25.483000092208385,200,
24.438400054350495,200,
15.630700159817934,200,
15.944699989631772,200,
1.2288999278098345,200,
15.711099840700626,200,
14.468499924987555,200,
1.4418000355362892,200,
14.225799823179841,200,
15.768800163641572,200,
15.62940003350377,200,
15.688299899920821,200,
15.578200109302998,200,
15.545099973678589,200,
1.6984001267701387,200,
15.025699976831675,200,
17.23859994672239,200,
14.062199974432588,200,
14.535000082105398,200,
2.3780998308211565,200,
14.250400010496378,200,
1.2614000588655472,200,
14.07080003991723,200,
27.140900027006865,200,
1.887899823486805,200,
1.9226998556405306,200,
1.3371999375522137,200,
12.907200027257204,200,
11.810700176283717,200,
1.2954999692738056,200,
16.205399995669723,200,
14.944500057026744,200,
1.523299841210246,200,
2.1699999924749136,200,
2.2827000357210636,200,
1.9028999377042055,200,
1.8867000471800566,200,
2.117500174790621,200,
2.091499976813793,200,
2.3578000254929066,200,
1.9469000399112701,200,
2.2700000554323196,200,
4.175700014457107,200,
4.245999967679381,200,
1.9313001539558172,200,
2.2217000368982553,200,
1.7043000552803278,200,
1.9975998438894749,200,
1.5066999476402998,200,
1.9596999045461416,200,
1.7896001227200031,200,
2.1812000777572393,200,
2.2581000812351704,200,
2.3827000986784697,200,
2.215899992734194,200,
2.1981000900268555,200,
1.9994000904262066,200,
2.314700046554208,200,
2.8894999995827675,200,
2.8413000982254744,200,
1.5180001500993967,200,
1.8164999783039093,200,
1.7931999173015356,200,
1.8138999585062265,200,
1.8835000228136778,200,
1.94390001706779,200,
1.8531999085098505,200,
2.2407998330891132,200,
2.2608002182096243,200,
2.1895000245422125,200,
2.038300037384033,200,
19.050200004130602,200,
17.271700082346797,200,
1.1495000217109919,200,
1.0170999448746443,200,
1.029999926686287,200,
0.9280999656766653,200,
16.828800085932016,200,
12.586799915879965,200,
1.6036001034080982,200,
1.1232998222112656,200,
12.524300022050738,200,
15.407599974423647,200,
1.5829999465495348,200,
1.5396999660879374,200,
1.5292998868972063,200,
1.58550008200109,200,
1.5389001928269863,200,
1.498199999332428,200,
1.1316000018268824,200,
1.52299995534122,200,
1.2111000251024961,200,
1.327600097283721,200,
1.2417999096214771,200,
1.2007998302578926,200,
1.251900102943182,200,
1.2959998566657305,200,
1.3784999027848244,200,
1.528899883851409,200,
1.709100091829896,200,
1.7666001804172993,200,
1.5728999860584736,200,
1.604400109499693,200,
1.0936001781374216,200,
0.972299836575985,200,
0.990699976682663,200,
0.8487000595778227,200,
0.8402001112699509,200,
0.8723998907953501,200,
0.8311998099088669,200,
0.8366000838577747,200,
0.9702998213469982,200,
0.8276998996734619,200,
0.8264000061899424,200,
0.8145000319927931,200,
15.31679998151958,200,
19.81219998560846,200,
23.862999863922596,200,
2.0163999870419502,200,
2.4362001568078995,200,
1.1968000326305628,200,
1.0999999940395355,200,
1.0438000317662954,200,
1.0220999829471111,200,
1.006899867206812,200,
1.0234999936074018,200,
1.0255000088363886,200,
25.223799981176853,200,
17.871699994429946,200,
16.288100043311715,200,
16.302199801430106,200,
1.4474999625235796,200,
14.265500009059906,200,
13.137300033122301,200,
15.330999856814742,200,
15.631900168955326,200,
1.2556000147014856,200,
15.818199841305614,200,
14.593199826776981,200,
1.2971998658031225,200,
15.167000005021691,200,
14.20699991285801,200,
15.259700128808618,200,
15.213699778541923,200,
1.2562000192701817,200,
14.117700047791004,200,
15.702199889346957,200,
15.906999818980694,200,
16.206299886107445,200,
1.3317998964339495,200,
15.456800116226077,200,
14.101900160312653,200,
1.232299953699112,200,
15.766700031235814,200,
14.574199914932251,200,
1.4488999731838703,200,
14.836300164461136,200,
13.707200065255165,200,
1.772899879142642,200,
15.353800030425191,200,
13.885400025174022,200,
1.6296999529004097,200,
14.636799925938249,200,
12.92410003952682,200,
1.3864999637007713,200,
15.772199956700206,200,
14.353800099343061,200,
1.6238000243902206,200,
14.712600037455559,200,
13.30830017104745,200,
15.416899928823113,200,
15.493900049477816,200,
1.3568999711424112,200,
13.745900010690093,200,
15.11069992557168,200,
15.199300134554505,200,
15.185900032520294,200,
1.4309000689536333,200,
15.118799870833755,200,
13.675499940291047,200,
14.981499873101711,200,
15.286500100046396,200,
1.5564998611807823,200,
15.039300080388784,200,
13.72829987667501,200,
1.417800085619092,200,
14.022399904206395,200,
15.795700019225478,200,
16.05760003440082,200,
16.01610006764531,200,
2.1291000302881002,200,
2.4298999924212694,200,
1.1289999820291996,200,
17.738499911502004,200,
17.32310000807047,200,
8.866399992257357,200,
9.968699887394905,200,
6.314300000667572,200,
16.003499971702695,200,
24.769000010564923,200,
15.921599930152297,200,
17.252099933102727,200,
17.76429987512529,200,
3.091199789196253,200,
24.560300167649984,200,
27.73730014450848,200,
2.6352000422775745,200,
13.045000145211816,200,
16.240600030869246,200,
14.917199965566397,200,
15.394199872389436,200,
2.57090013474226,200,
13.02289986051619,200,
16.151399817317724,200,
14.68120003119111,200,
15.154900029301643,200,
2.7823999989777803,200,
16.141500091180205,200,
14.248199993744493,200,
2.67999991774559,200,
14.023700030520558,200,
16.995999962091446,200,
28.382800053805113,200,
2.9339001048356295,200,
13.87530006468296,200,
17.070000059902668,200,
28.56380003504455,200,
15.153399901464581,200,
15.165199991315603,200,
3.013300010934472,200,
14.231099979951978,200,
26.594300055876374,200,
16.330299898982048,200,
2.8164000250399113,200,
12.870999984443188,200,
15.30189998447895,200,
2.8018001466989517,200,
13.758699875324965,200,
27.946999995037913,200,
16.98240009136498,200,
3.7757998798042536,200,
3.762299893423915,200,
27.80520007945597,200,
28.238600119948387,200,
2.2001999896019697,200,
13.74029996804893,200,
15.911600086838007,200,
27.372500160709023,200,
1.360700000077486,200,
14.012000057846308,200,
15.453599859029055,200,
15.36239986307919,200,
15.333499992266297,200,
1.4305999502539635,200,
16.203399980440736,200,
15.120299998670816,200,
2.212699968367815,200,
2.538299886509776,200,
1.3552999589592218,200,
12.0237001683563,200,
13.561900006607175,200,
2.1712000016123056,200,
15.695200068876147,200,
13.55369994416833,200,
2.230799989774823,200,
13.708499958738685,200,
1.7457001376897097,200,
1.8368999008089304,200,
11.665099998936057,200,
26.805999921634793,200,
15.84440004080534,200,
15.774199971929193,200,
17.750400118529797,200,
17.763700103387237,200,
12.981500010937452,200,
13.291400158777833,200,
1.3278000988066196,200,
14.902800088748336,200,
16.235699877142906,200,
16.00589998997748,200,
16.048300080001354,200,
1.218099845573306,200,
14.041600050404668,200,
15.272000106051564,200,
14.976399950683117,200,
15.284399967640638,200,
1.4175998512655497,200,
15.286900103092194,200,
14.132699929177761,200,
15.175400068983436,200,
15.466599958017468,200,
1.2808998581022024,200,
15.283599961549044,200,
13.991400133818388,200,
1.5215000603348017,200,
13.524199835956097,200,
15.082299942150712,200,
1.6997000202536583,200,
13.81579996086657,200,
15.85439988411963,200,
1.640500035136938,200,
13.197700027376413,200,
14.940900029614568,200,
16.523099970072508,200,
16.630900092422962,200,
1.7142000142484903,200,
15.132500091567636,200,
13.771899975836277,200,
1.7329000402241945,200,
13.346999883651733,200,
15.221200184896588,200,
15.1422000490129,200,
15.07410011254251,200,
16.083599999547005,200,
16.140899853780866,200,
14.89589991979301,200,
15.327000059187412,200,
14.906599884852767,200,
15.28559997677803,200,
1.5918000135570765,200,
14.422599924728274,200,
16.366099938750267,200,
15.338100027292967,200,
15.343300066888332,200,
1.550499815493822,200,
14.438300160691142,200,
16.35399996303022,200,
1.625599805265665,200,
13.621699996292591,200,
15.655800001695752,200,
1.6371998935937881,200,
13.54780001565814,200,
15.259200008586049,200,
1.7096998635679483,200,
15.125500038266182,200,
13.314899988472462,200,
1.956599997356534,200,
12.745699845254421,200,
15.059900004416704,200,
15.256299870088696,200,
15.563699882477522,200,
15.899799996986985,200,
16.277400078251958,200,
16.16270001977682,200,
16.58950001001358,200,
13.859600061550736,200,
14.301399933174253,200,
14.825900085270405,200,
14.729700051248074,200,
1.2876000255346298,200,
15.438299858942628,200,
14.122799970209599,200,
1.3365999329835176,200,
13.638300122693181,200,
15.058499993756413,200,
14.95380001142621,200,
15.260099899023771,200,
1.4287999365478754,200,
15.096500050276518,200,
14.070599805563688,200,
1.361600123345852,200,
14.186199987307191,200,
15.498700086027384,200,
14.781800098717213,200,
15.123500023037195,200,
1.8949001096189022,200,
15.577699989080429,200,
13.936900068074465,200,
15.308500034734607,200,
15.664200065657496,200,
1.9072000868618488,200,
12.988699832931161,200,
15.297899954020977,200,
1.868699910119176,200,
13.278499944135547,200,
15.545100206509233,200,
1.936800079420209,200,
15.07300022058189,200,
13.443599920719862,200,
1.8556001596152782,200,
12.945299968123436,200,
15.188699821010232,200,
16.00020006299019,200,
16.0177000798285,200,
1.8025999888777733,200,
15.205200063064694,200,
13.354500057175756,200,
15.97149996086955,200,
15.987100079655647,200,
15.228600008413196,200,
15.239999862387776,200,
1.8331001047044992,200,
13.20969988591969,200,
15.44549991376698,200,
15.333600109443069,200,
15.423899982124567,200,
1.8750999588519335,200,
14.656499959528446,200,
13.299599988386035,200,
1.8249999266117811,200,
15.027200104668736,200,
13.022599974647164,200,
2.1703001111745834,200,
15.367200132459402,200,
13.28079984523356,200,
1.8897999543696642,200,
15.875499928370118,200,
14.395100064575672,200,
2.1887999027967453,200,
14.905599877238274,200,
13.025300111621618,200,
15.25459997355938,200,
15.312700066715479,200,
14.973200159147382,200,
15.433400170877576,200,
17.24490011110902,200,
17.20989984460175,200,
1.786799868568778,200,
13.534300029277802,200,
11.65900006890297,200,
1.3642997946590185,200,
15.05259983241558,200,
13.922999845817685,200,
1.4359001070261002,200,
15.104399994015694,200,
13.949800049886107,200,
15.337100019678473,200,
15.297699952498078,200,
1.4241000171750784,200,
15.55690006352961,200,
14.415699988603592,200,
15.010599978268147,200,
15.406900085508823,200,
1.7760000191628933,200,
13.744400115683675,200,
15.675099799409509,200,
16.31100010126829,200,
16.305499942973256,200,
3.005499951541424,200,
3.080700058490038,200,
1.9867001101374626,200,
26.299200020730495,200,
24.198699975386262,200,
1.756699988618493,200,
2.12940014898777,200,
2.39869998767972,200,
2.8532000724226236,200,
2.1921000443398952,200,
2.8182000387459993,200,
1.8621000926941633,200,
2.3207999765872955,200,
1.4863000251352787,200,
1.1684000492095947,200,
19.535599974915385,200,
22.5617999676615,200,
1.8670998979359865,200,
2.202700125053525,200,
1.8571000546216965,200,
2.4073999375104904,200,
26.192300021648407,200,
26.69079997576773,200,
1.2777000665664673,200,
1.0350998491048813,200,
1.0300001595169306,200,
1.0695001110434532,200,
1.1489000171422958,200,
1.362399896606803,200,
15.63069992698729,200,
1.1199000291526318,200,
1.0141998063772917,200,
1.0135001502931118,200,
0.9886999614536762,200,
0.9548000525683165,200,
1.0325999464839697,200,
1.1001999955624342,200,
1.3071000576019287,200,
24.359500035643578,200,
1.0067000985145569,200,
0.9286000858992338,200,
0.9824000298976898,200,
0.9248999413102865,200,
0.8896999061107635,200,
0.9908000938594341,200,
1.0104000102728605,200,
1.1046999134123325,200,
23.27920007519424,200,
1.0355999693274498,200,
0.9343998972326517,200,
0.9327000007033348,200,
0.9233001619577408,200,
1.7041000537574291,200,
0.9423999581485987,200,
0.8616999257355928,200,
0.9406001772731543,200,
1.2881001457571983,200,
23.989800130948424,200,
1.0421001352369785,200,
1.0223998688161373,200,
0.914800213649869,200,
0.9097999427467585,200,
0.9282000828534365,200,
0.959400087594986,200,
24.45110003463924,200,
24.883699836209416,200,
14.29149997420609,200,
26.694600004702806,200,
1.6187001019716263,200,
15.474200015887618,200,
13.831699965521693,200,
1.6268000472337008,200,
13.000699924305081,200,
15.012700110673904,200,
1.6763999592512846,200,
13.664099853485823,200,
15.375799965113401,200,
14.833000022917986,200,
15.294200042262673,200,
1.348499907180667,200,
15.137799782678485,200,
14.20440012589097,200,
1.3427999801933765,200,
15.000399900600314,200,
13.71970004402101,200,
15.347899869084358,200,
15.350000001490116,200,
15.077499905601144,200,
15.406799968332052,200,
1.3494000304490328,200,
15.204000053927302,200,
13.813600176945329,200,
1.3025999069213867,200,
15.35700005479157,200,
14.088799944147468,200,
15.17289993353188,200,
15.492100035771728,200,
1.5136001165956259,200,
13.457900146022439,200,
15.053600072860718,200,
15.898300101980567,200,
15.93129988759756,200,
15.329700196161866,200,
15.356299933046103,200,
14.915900072082877,200,
14.85899998806417,200,
1.6960999928414822,200,
13.42780003324151,200,
15.550600131973624,200,
14.942300040274858,200,
15.395499998703599,200,
15.183000126853585,200,
15.57719986885786,200,
15.122999902814627,200,
15.13869990594685,200,
1.7557998653501272,200,
16.043799929320812,200,
14.255900168791413,200,
15.153099782764912,200,
15.212399885058403,200,
15.968300169333816,200,
16.36889996007085,200,
1.837400021031499,200,
16.144900117069483,200,
14.663200126960874,200,
13.601399958133698,200,
14.32740013115108,200,
1.8891000654548407,200,
15.77159995213151,200,
14.507299987599254,200,
14.997899997979403,200,
15.350300120189786,200,
15.49599994905293,200,
15.513299964368343,200,
2.0755999721586704,200,
13.739099958911538,200,
16.298200003802776,200,
2.652699826285243,200,
2.5969999842345715,200,
2.1695001050829887,200,
11.484700022265315,200,
16.00219984538853,200,
25.74279997497797,200,
14.979899860918522,200,
15.390100190415978,200,
15.226999996230006,200,
15.225699869915843,200,
15.01299999654293,200,
15.349499881267548,200,
1.7518000677227974,200,
15.157400164753199,200,
13.41770007275045,200,
15.135199995711446,200,
15.53159998729825,200,
1.9551001023501158,200,
15.697700204327703,200,
14.036100124940276,200,
1.7385000828653574,200,
15.718600014224648,200,
13.952200068160892,200,
14.904700219631195,200,
15.253200195729733,200,
1.8245000392198563,200,
13.944600010290742,200,
16.172399977222085,200,
2.051000017672777,200,
14.82449984177947,200,
13.085300102829933,200,
2.1518999710679054,200,
15.093899797648191,200,
13.186699943616986,200,
1.965200062841177,200,
13.526299968361855,200,
15.326699940487742,200,
14.951599994674325,200,
15.365800121799111,200,
1.8563999328762293,200,
14.974799938499928,200,
13.37320008315146,200,
1.8287000712007284,200,
13.528200099244714,200,
15.121100004762411,200,
1.7438000068068504,200,
13.433199841529131,200,
15.609099995344877,200,
16.024200012907386,200,
15.979999909177423,200,
15.088899992406368,200,
15.099900076165795,200,
1.8119998276233673,200,
13.187100179493427,200,
15.38500003516674,200,
1.7128000035881996,200,
13.465600088238716,200,
15.631800051778555,200,
17.18629989773035,200,
17.60330004617572,200,
1.7707000952214003,200,
14.008300146088004,200,
12.206499930471182,200,
2.0133000798523426,200,
14.724700013175607,200,
13.066499959677458,200,
15.032099792733788,200,
15.463900053873658,200,
2.9612001962959766,200,
2.9657999984920025,200,
2.64739990234375,200,
2.6832998264580965,200,
24.285199819132686,200,
24.59920011460781,200,
2.518900204449892,200,
2.3691998794674873,200,
2.8533998411148787,200,
3.0094000976532698,200,
2.89909983985126,200,
1.7026998102664948,200,
1.6256000380963087,200,
18.843699945136905,200,
25.044000009074807,200,
1.40330009162426,200,
14.74060001783073,200,
16.19580015540123,200,
1.7256999853998423,200,
1.7454999033361673,200,
1.5107998624444008,200,
1.4897000510245562,200,
1.6017998568713665,200,
1.7754000145941973,200,
2.0160998683422804,200,
1.8903000745922327,200,
2.0854000467807055,200,
2.238699933513999,200,
1.5771999023854733,200,
1.034699846059084,200,
0.959400087594986,200,
18.9215000718832,200,
22.47790014371276,200,
1.470099901780486,200,
14.019600115716457,200,
15.601599821820855,200,
1.2952000834047794,200,
13.814300065860152,200,
15.065499814227223,200,
1.273800153285265,200,
14.630199875682592,200,
16.17780001834035,200,
1.3294999953359365,200,
15.446000033989549,200,
14.327399898320436,200,
15.20539983175695,200,
15.272399876266718,200,
15.102999983355403,200,
15.516400104388595,200,
15.270699979737401,200,
15.640199882909656,200,
15.324900159612298,200,
15.392200089991093,200,
15.531700104475021,200,
15.571699943393469,200,
15.248699812218547,200,
15.183799900114536,200,
1.9624000415205956,200,
12.878999812528491,200,
15.247299801558256,200,
15.164999989792705,200,
15.174699947237968,200,
2.090600086376071,200,
16.0219999961555,200,
14.560699928551912,200,
2.059199847280979,200,
13.87819997034967,200,
12.424300191923976,200,
1.53599982149899,200,
13.829699950292706,200,
15.373500064015388,200,
1.3284001033753157,200,
14.806299936026335,200,
16.15969999693334,200,
15.58950007893145,200,
15.557700069621205,200,
1.283199992030859,200,
15.774100087583065,200,
14.460999984294176,200,
16.228499822318554,200,
16.348199918866158,200,
14.881599927321076,200,
14.941100031137466,200,
14.968800125643611,200,
14.933199854567647,200,
4.525199998170137,200,
4.850499797612429,200,
2.4653999134898186,200,
26.1266001034528,200,
24.269199930131435,200,
2.6217999402433634,200,
3.0580998864024878,200,
2.297300146892667,200,
1.6937002073973417,200,
11.43530011177063,200,
16.41889987513423,200,
24.314700160175562,200,
1.6952999867498875,200,
15.301699982956052,200,
14.02520015835762,200,
16.331400023773313,200,
16.368600074201822,200,
1.542000100016594,200,
15.009599970653653,200,
13.746100012212992,200,
15.009799972176552,200,
15.016699908301234,200,
15.07969992235303,200,
15.37770009599626,200,
1.433099852874875,200,
15.142499934881926,200,
13.98439984768629,200,
15.410799998790026,200,
15.409700106829405,200,
16.28129999153316,200,
16.285500023514032,200,
15.27359988540411,200,
15.654199989512563,200,
14.94149980135262,200,
14.945199945941567,200,
1.675100065767765,200,
16.025899909436703,200,
14.271099818870425,200,
1.5736999921500683,200,
14.68409993685782,200,
13.101800112053752,200,
1.6078001353889704,200,
15.164899872615933,200,
13.845600187778473,200,
16.099199885502458,200,
16.49750000797212,200,
15.143000055104494,200,
15.092300018295646,200,
15.141700161620975,200,
15.159700065851212,200,
1.7609000205993652,200,
16.113299876451492,200,
14.643999980762601,200,
1.7513998318463564,200,
12.413700111210346,200,
14.19939985498786,200,
1.5789999160915613,200,
13.255099998787045,200,
15.172000043094158,200,
15.24259988218546,200,
15.599200036376715,200,
15.992800006642938,200,
15.952600166201591,200,
1.793400151655078,200,
15.480099944397807,200,
13.962599914520979,200,
1.7576999962329865,200,
13.412700034677982,200,
15.231599798426032,200,
1.900500152260065,200,
14.906900003552437,200,
13.340599834918976,200,
15.266000060364604,200,
15.718600014224648,200,
1.7761001363396645,200,
14.795400202274323,200,
13.358799973502755,200,
2.3042999673634768,200,
2.6120999827980995,200,
1.9021998159587383,200,
12.004300020635128,200,
26.078599970787764,200,
16.303099924698472,200,
14.900000067427754,200,
15.21149999462068,200,
1.5257000923156738,200,
15.27880015783012,200,
13.731100130826235,200,
14.973200159147382,200,
14.974600169807673,200,
1.6009998507797718,200,
13.61999986693263,200,
15.577699989080429,200,
1.580999931320548,200,
15.253799967467785,200,
13.637900119647384,200,
15.323900151997805,200,
15.387499937787652,200,
15.11209993623197,200,
15.091999899595976,200,
1.7401999793946743,200,
13.212000019848347,200,
15.342300059273839,200,
2.4671999271959066,200,
13.752499828115106,200,
16.404900001361966,200,
15.12859994545579,200,
15.732200117781758,200,
15.266199829056859,200,
15.708199935033917,200,
2.522100228816271,200,
12.671399861574173,200,
15.330699970945716,200,
2.4451001081615686,200,
2.7758998330682516,200,
2.9299999587237835,200,
3.024500096216798,200,
2.492800122126937,200,
1.6284999437630177,200,
1.185599947348237,200,
1.584300072863698,200,
1.386099960654974,200,
25.258000008761883,200,
16.649099998176098,200,
2.3628000635653734,200,
2.379199955612421,200,
2.2136999759823084,200,
2.5412000250071287,200,
24.379200069233775,200,
24.405400035902858,200,
1.7691999673843384,200,
1.757299993187189,200,
1.541699981316924,200,
1.8013000953942537,200,
1.5002000145614147,200,
1.7677000723779202,200,
1.398000167682767,200,
1.7109999898821115,200,
1.543999882414937,200,
1.928800018504262,200,
1.7222999595105648,200,
1.7776000313460827,200,
1.351499930024147,200,
20.360599970445037,200,
18.50840006954968,200,
1.756699988618493,200,
1.7438000068068504,200,
1.4973999932408333,200,
1.696400111541152,200,
1.65200000628829,200,
1.6701000276952982,200,
1.7087999731302261,200,
1.7585000023245811,200,
1.5481000300496817,200,
1.822599908336997,200,
1.8939001020044088,200,
1.9127000123262405,200,
2.032400108873844,200,
2.377899829298258,200,
2.3268000222742558,200,
2.302599838003516,200,
1.2888000346720219,200,
15.508899930864573,200,
14.365999959409237,200,
2.0949000027030706,200,
1.9946000538766384,200,
1.13469990901649,200,
16.628799960017204,200,
18.282199976965785,200,
6.8194998893886805,200,
11.633200105279684,200,
9.495400125160813,200,
7.205399917438626,200,
5.617599934339523,200,
4.785299999639392,200,
4.4784999918192625,200,
5.191599950194359,200,
3.1162998639047146,200,
12.473100097849965,200,
12.87250011228025,200,
15.582000138238072,200,
15.931699890643358,200,
1.7506999429315329,200,
12.949700001627207,200,
15.084300190210342,200,
1.9088000990450382,200,
13.153100153431296,200,
15.175499953329563,200,
15.114299952983856,200,
15.049700159579515,200,
1.701700035482645,200,
13.306200038641691,200,
15.390099957585335,200,
1.7365999519824982,200,
15.241800108924508,200,
17.36010005697608,200,
1.6934999730437994,200,
12.186000123620033,200,
14.263599878177047,200,
16.198100056499243,200,
16.20549988001585,200,
1.8721998203545809,200,
15.399600146338344,200,
13.879799982532859,200,
14.686499955132604,200,
15.098399948328733,200,
2.052200026810169,200,
14.445899985730648,200,
13.085499871522188,200,
15.76559990644455,200,
15.440599992871284,200,
1.9471999257802963,200,
14.212300069630146,200,
16.276000067591667,200,
1.9857001025229692,200,
15.181399881839752,200,
13.122699921950698,200,
1.9479000475257635,200,
15.140800038352609,200,
13.206099858507514,200,
15.159999951720238,200,
15.177299967035651,200,
1.899800030514598,200,
14.823900070041418,200,
13.324999948963523,200,
1.2935001868754625,200,
13.877699850127101,200,
15.514099970459938,200,
14.85599996522069,200,
15.165899880230427,200,
1.3065999373793602,200,
15.040799975395203,200,
13.772600097581744,200,
15.581100014969707,200,
15.613399911671877,200,
15.435700071975589,200,
15.517899999395013,200,
15.03959996625781,200,
15.438899863511324,200,
2.378299832344055,200,
2.726699924096465,200,
12.623399961739779,200,
12.94909999705851,200,
1.6151000745594501,200,
18.22800002992153,200,
20.31870000064373,200,
6.5818000584840775,200,
4.3166999239474535,200,
26.37740015052259,200,
14.872199855744839,200,
2.576800063252449,200,
13.962900033220649,200,
16.821600031107664,200,
28.229900170117617,200,
15.271600103005767,200,
15.774500090628862,200,
15.413499902933836,200,
15.905799809843302,200,
2.4829001631587744,200,
14.276899863034487,200,
15.836900100111961,200,
27.65269996598363,200,
2.8015999123454094,200,
14.265799894928932,200,
16.012399923056364,200,
27.92179980315268,200,
1.680100103840232,200,
14.975100057199597,200,
17.03809993341565,200,
1.3591998722404242,200,
14.651899924501777,200,
13.737300178036094,200,
1.6558999195694923,200,
16.145899891853333,200,
14.353799866512418,200,
16.04249980300665,200,
16.30439981818199,200,
1.5674000605940819,200,
15.466100070625544,200,
13.932300033047795,200,
1.9698000978678465,200,
14.594299951568246,200,
12.917699990794063,200,
15.635200077667832,200,
15.928500099107623,200,
14.76290007121861,200,
15.087599866092205,200,
16.21449994854629,200,
16.296299872919917,200,
1.2638000771403313,200,
2.552600111812353,200,
2.4025999009609222,200,
2.267400035634637,200,
3.7994999438524246,200,
1.9082999788224697,200,
25.365900015458465,200,
23.51440000347793,200,
15.832699835300446,200,
16.23090007342398,200,
16.581099946051836,200,
16.66520000435412,200,
1.3787001371383667,200,
14.131099916994572,200,
12.877400033175945,200,
2.1116998977959156,200,
1.945100026205182,200,
1.8240001518279314,200,
1.9258998800069094,200,
1.9586000125855207,200,
1.9276998937129974,200,
1.063500065356493,200,
1.3931000139564276,200,
1.5551999676972628,200,
1.5344999264925718,200,
1.9769000355154276,200,
1.3472000136971474,200,
1.0747001506388187,200,
1.160699874162674,200,
1.0779998265206814,200,
1.073499908670783,200,
1.100099878385663,200,
1.0586997959762812,200,
24.54549982212484,200,
16.42540004104376,200,
25.121500017121434,200,
1.1302998755127192,200,
15.306900022551417,200,
16.900200163945556,200,
15.435999957844615,200,
15.94550022855401,200,
16.025900142267346,200,
16.609699930995703,200,
15.873400028795004,200,
15.756099950522184,200,
2.234299900010228,200,
15.902499901130795,200,
13.592500006780028,200,
2.962500089779496,200,
3.0364999547600746,200,
15.836299862712622,200,
16.290399944409728,200,
1.976399915292859,200,
2.4962997995316982,200,
1.4788000844419003,200,
22.822999861091375,200,
24.90079985000193,200,
1.4958998654037714,200,
13.645400060340762,200,
15.232300153002143,200,
1.4166999608278275,200,
18.805100116878748,200,
20.66079992800951,200,
7.798700127750635,200,
8.738699834793806,200,
3.342500189319253,200,
14.0132000669837,200,
18.008299870416522,200,
1.9960000645369291,200,
15.026099979877472,200,
13.016599928960204,200,
15.153999906033278,200,
15.105600003153086,200,
1.5568998642265797,200,
13.379500014707446,200,
15.285099856555462,200,
15.788100194185972,200,
16.040399903431535,200,
1.6058001201599836,200,
14.175000134855509,200,
15.581700019538403,200,
1.712299883365631,200,
12.995099881663918,200,
14.836599817499518,200,
1.8906998448073864,200,
1.1340000201016665,200,
1.1377001646906137,200,
1.0908001568168402,200,
0.9943000040948391,200,
0.9757000952959061,200,
14.693599892780185,200,
23.31439987756312,200,
15.89289982803166,200,
14.705199981108308,200,
14.97310004197061,200,
1.4553999062627554,200,
2.8122998774051666,200,
2.4747999850660563,200,
2.8204999398440123,200,
2.771700033918023,200,
2.2557000629603863,200,
2.033199882134795,200,
1.9648999441415071,200,
1.4044998679310083,200,
2.5452999398112297,200,
1.1404999531805515,200,
18.6769999563694,200,
20.126299932599068,200,
1.2613998260349035,200,
13.937799958512187,200,
15.48000006005168,200,
15.242600115016103,200,
15.495799947530031,200,
15.082099940627813,200,
15.333299990743399,200,
1.4045999851077795,200,
15.22810012102127,200,
14.095899881795049,200,
15.21470001898706,200,
15.527699841186404,200,
1.3588001020252705,200,
15.069999964907765,200,
16.80910005234182,200,
15.062300022691488,200,
15.024499967694283,200,
1.3271002098917961,200,
1.0939999483525753,200,
12.380399974063039,200,
15.156100038439035,200,
1.5060000587254763,200,
16.17600000463426,200,
14.853199943900108,200,
1.982599962502718,200,
14.384000096470118,200,
12.951800134032965,200,
1.5987001825124025,200,
15.482099959626794,200,
14.16379981674254,200,
1.3602001126855612,200,
14.551500091329217,200,
13.520699925720692,200,
15.045400010421872,200,
15.33910003490746,200,
1.456600148230791,200,
15.336599899455905,200,
14.103699941188097,200,
1.5023997984826565,200,
13.584800064563751,200,
15.129500068724155,200,
15.199400018900633,200,
15.464500058442354,200,
15.96440002322197,200,
16.2323999684304,200,
1.4263000339269638,200,
13.695299858227372,200,
15.173199819400907,200,
15.257799997925758,200,
15.235399827361107,200,
15.320300124585629,200,
15.620699850842357,200,
15.585199929773808,200,
15.61770006082952,200,
14.838399831205606,200,
14.841000083833933,200,
15.628299908712506,200,
15.643199905753136,200,
15.446899924427271,200,
15.499099856242537,200,
16.19570003822446,200,
16.130200121551752,200,
3.1324001029133797,200,
3.1959000043570995,200,
2.175200032070279,200,
24.622200056910515,200,
27.266900055110455,200,
2.085399813950062,200,
13.152000028640032,200,
15.289700124412775,200,
15.02789999358356,200,
15.031700022518635,200,
14.950300101190805,200,
15.32140001654625,200,
1.9876998849213123,200,
15.329499961808324,200,
13.307000044733286,200,
1.9076999742537737,200,
13.98360007442534,200,
16.301700146868825,200,
15.269999857991934,200,
15.63529996201396,200,
2.152899978682399,200,
15.02159982919693,200,
13.21170013397932,200,
16.345000127330422,200,
16.352100064978004,200,
2.142299897968769,200,
13.059800025075674,200,
26.93710010498762,200,
16.010000137612224,200,
15.256399987265468,200,
15.267399838194251,200,
15.122100012376904,200,
15.499700093641877,200,
3.113500075414777,200,
3.1032999977469444,200,
3.058900125324726,200,
3.076699795201421,200,
28.290299931541085,200,
28.640500036999583,200,
5.086099961772561,200,
27.01249998062849,200,
21.536599844694138,200,
2.1551998797804117,200,
13.284300221130252,200,
15.95410006120801,200,
15.04580001346767,200,
15.467399964109063,200,
2.2728999610990286,200,
13.659399934113026,200,
16.481300117447972,200,
3.400599816814065,200,
13.808000134304166,200,
15.803199959918857,200,
26.7104001250118,200,
15.331000089645386,200,
15.408099861815572,200,
2.098799915984273,200,
15.90629993006587,200,
13.785599963739514,200,
2.2630998864769936,200,
14.280600007623434,200,
2.1060998551547527,200,
1.693099969998002,200,
1.9558998756110668,200,
1.8899000715464354,200,
26.225300040096045,200,
1.3099000789225101,200,
15.150299994274974,200,
23.280599853023887,200,
2.0711999386548996,200,
2.0844999235123396,200,
2.4604001082479954,200,
2.540299901738763,200,
1.7071999609470367,200,
1.5773000195622444,200,
22.36919989809394,200,
26.097399881109595,200,
1.7142998985946178,200,
1.9489999394863844,200,
1.535200048238039,200,
1.929400023072958,200,
1.340900082141161,200,
1.6889998223632574,200,
1.6791000962257385,200,
1.0194999631494284,200,
1.3154000043869019,200,
21.8491000123322,200,
26.049300096929073,200,
1.5285001136362553,200,
1.8132999539375305,200,
1.5771000180393457,200,
1.87109992839396,200,
1.4146999455988407,200,
1.74840004183352,200,
2.3406001273542643,200,
2.609899966046214,200,
23.620399879291654,200,
23.925299989059567,200,
1.8128000665456057,200,
1.8263000529259443,200,
1.2845001183450222,200,
1.6176002100110054,200,
1.9580998923629522,200,
1.6199001111090183,200,
1.591100124642253,200,
1.550900051370263,200,
1.1555999517440796,200,
1.0282997973263264,200,
22.37860020250082,200,
24.6758998837322,200,
15.695600071921945,200,
15.996700152754784,200,
1.4093001373112202,200,
14.469600049778819,200,
15.965000027790666,200,
1.4166999608278275,200,
15.983400167897344,200,
14.584700111299753,200,
15.280300052836537,200,
15.576899982988834,200,
15.374699840322137,200,
15.680799959227443,200,
1.591400010511279,200,
13.444000156596303,200,
15.382899902760983,200,
1.7971000634133816,200,
15.568299917504191,200,
13.809900032356381,200,
15.05419984459877,200,
15.004500048235059,200,
1.4874001499265432,200,
13.473199913278222,200,
15.309300040826201,200,
1.6077999025583267,200,
13.450099853798747,200,
15.407499857246876,200,
1.6919998452067375,200,
15.112200053408742,200,
13.750999933108687,200,
1.5330000314861536,200,
14.3756999168545,200,
15.887900022789836,200,
14.879999915137887,200,
15.442899893969297,200,
1.5994999557733536,200,
13.91540002077818,200,
15.323400031775236,200,
16.093800077214837,200,
16.091400058940053,200,
1.7520999535918236,200,
15.30790003016591,200,
13.90019990503788,200,
14.876500004902482,200,
14.86039999872446,200,
15.229100128635764,200,
15.635100193321705,200,
1.8794999923557043,200,
13.044700026512146,200,
15.34210005775094,200,
2.360299928113818,200,
2.3313998244702816,200,
1.6467999666929245,200,
12.031499994918704,200,
16.02670014835894,200,
26.681900024414062,200,
1.5054999385029078,200,
16.440199920907617,200,
15.213300008326769,200,
1.4555000234395266,200,
13.47339991480112,200,
12.296600034460425,200,
15.824800124391913,200,
16.124999849125743,200,
1.4233000110834837,200,
14.069000026211143,200,
15.573199838399887,200,
1.2713999021798372,200,
15.829700045287609,200,
14.849599916487932,200,
1.4172999653965235,200,
14.08079988323152,200,
15.529099851846695,200,
1.2346000876277685,200,
15.556100057438016,200,
14.325799886137247,200,
1.4097001403570175,200,
14.240100048482418,200,
15.74499998241663,200,
14.614699874073267,200,
14.66950005851686,200,
15.02029993571341,200,
15.40989987552166,200,
1.7556000966578722,200,
13.758699875324965,200,
15.914299990981817,200,
14.6744002122432,200,
14.984400011599064,200,
15.440700110048056,200,
15.466300072148442,200,
15.05879987962544,200,
15.378700103610754,200,
1.5848998446017504,200,
13.441700022667646,200,
15.376399969682097,200,
1.7339999321848154,200,
13.494499959051609,200,
15.293400036171079,200,
1.2789999600499868,200,
15.500100096687675,200,
14.57480015233159,200,
1.2301001697778702,200,
14.15410009212792,200,
15.827900031581521,200,
15.286700101569295,200,
15.30779991298914,200,
1.4621999580413103,200,
15.954000176861882,200,
14.827100094407797,200,
1.3055000454187393,200,
15.433500055223703,200,
14.489199966192245,200,
1.2739000376313925,200,
15.28549985960126,200,
14.055500039830804,200,
15.759499976411462,200,
16.223000129684806,200,
2.397600095719099,200,
2.36909999512136,200,
1.530500128865242,200,
1.4416000340133905,200,
12.0792998932302,200,
1.3036997988820076,200,
25.233499938622117,200,
14.892300125211477,200,
1.3760000001639128,200,
14.477299991995096,200,
13.435800094157457,200,
16.109200194478035,200,
16.430500196292996,200,
1.6359000001102686,200,
12.616500025615096,200,
14.62820009328425,200,
15.01589990220964,200,
15.318900113925338,200,
15.039300080388784,200,
15.335399890318513,200,
15.211099991574883,200,
15.515899984166026,200,
1.3237998355180025,200,
13.867800123989582,200,
15.49470005556941,200,
1.3653000351041555,200,
15.009099850431085,200,
16.736800083890557,200,
2.5507998652756214,200,
2.5037999730557203,200,
2.5541000068187714,200,
2.5427001528441906,200,
2.557500032708049,200,
2.834700047969818,200,
2.9056998901069164,200,
3.2945999410003424,200,
2.665200037881732,200,
1.8901999574154615,200,
15.242600115016103,200,
19.901199964806437,200,
1.9757000263780355,200,
2.3165999446064234,200,
1.5988999512046576,200,
1.3013000134378672,200,
1.392599893733859,200,
13.254100224003196,200,
15.373999951407313,200,
24.71180004067719,200,
2.3768998216837645,200,
15.90489991940558,200,
13.919299934059381,200,
2.42229993455112,200,
15.554799931123853,200,
13.560899998992682,200,
2.162100048735738,200,
12.504500104114413,200,
15.47079998999834,200,
2.027799841016531,200,
12.896700063720345,200,
14.553399989381433,200,
1.4760999474674463,200,
14.56409995444119,200,
16.1382001824677,200,
15.662099933251739,200,
15.619100071489811,200,
14.902400085702538,200,
15.164999989792705,200,
1.362500013783574,200,
13.550400035455823,200,
15.205600066110492,200,
1.3272000942379236,200,
13.849900104105473,200,
15.531100099906325,200,
15.141600044444203,200,
15.08999988436699,200,
15.236600069329143,200,
15.283100074157119,200,
15.354800038039684,200,
15.326800057664514,200,
1.3401999603956938,200,
14.152399962767959,200,
15.838599996641278,200,
17.823099857196212,200,
17.79450010508299,200,
13.165799900889397,200,
13.163000112399459,200,
15.185799915343523,200,
15.193899860605597,200,
1.5017001423984766,200,
15.164499869570136,200,
13.647499959915876,200,
1.8509000074118376,200,
18.626899924129248,200,
21.020199870690703,200,
6.671999813988805,200,
5.295300157740712,200,
16.209499910473824,200,
29.411000199615955,200,
27.842399897053838,200,
28.41760008595884,200,
2.7730001602321863,200,
14.021999901160598,200,
16.10659994184971,200,
27.86180004477501,200,
2.75610014796257,200,
14.341400004923344,200,
26.85359981842339,200,
15.790299978107214,200,
15.473300125449896,200,
16.485700150951743,200,
2.9817998874932528,200,
5.0224000588059425,200,
4.5449999161064625,200,
4.512700019404292,200,
4.478199873119593,200,
3.2979000825434923,200,
5.7969000190496445,200,
2.466999925673008,200,
13.948500156402588,200,
15.90090012177825,200,
27.36789989285171,200,
2.341100014746189,200,
14.916500076651573,200,
12.898500077426434,200,
2.0839001517742872,200,
13.116399990394711,200,
15.256199985742569,200,
14.913399936631322,200,
15.343500068411231,200,
1.8822001293301582,200,
14.14759992621839,200,
16.031699953600764,200,
14.960999833419919,200,
15.338500030338764,200,
15.838900115340948,200,
15.900499885901809,200,
15.498099848628044,200,
15.533600002527237,200,
1.9614999182522297,200,
15.756900189444423,200,
14.197600074112415,200,
2.0528000313788652,200,
15.32750017940998,200,
13.652099994942546,200,
14.814400114119053,200,
15.264299931004643,200,
14.617100125178695,200,
15.027299989014864,200,
15.246800146996975,200,
15.674000140279531,200,
2.230799989774823,200,
12.315799947828054,200,
15.048600034788251,200,
2.409399952739477,200,
16.404699999839067,200,
14.44600010290742,200,
2.26239999756217,200,
13.034599833190441,200,
15.753800049424171,200,
27.050100034102798,200,
15.209300210699439,200,
15.139600029215217,200,
2.138199983164668,200,
15.037999954074621,200,
13.24720005504787,200,
15.079899923875928,200,
15.06220013834536,200,
15.231299912557006,200,
15.229699900373816,200,
15.77759999781847,200,
16.174300108104944,200,
3.0677001923322678,200,
3.1179001089185476,200,
1.663499977439642,200,
25.80210007727146,200,
27.4231000803411,200,
1.6353998798877,200,
13.512700097635388,200,
15.381300123408437,200,
15.194099862128496,200,
15.092900022864342,200,
1.6149000730365515,200,
14.696300029754639,200,
13.336700154468417,200,
15.62960003502667,200,
15.635899966582656,200,
15.14789997600019,200,
15.206000069156289,200,
15.425599878653884,200,
15.389800071716309,200,
1.4188000932335854,200,
13.56379990465939,200,
15.282100066542625,200,
1.4665001071989536,200,
15.286500100046396,200,
14.111399883404374,200,
15.772199956700206,200,
15.768999932333827,200,
15.387099934741855,200,
15.678799943998456,200,
15.292499912902713,200,
15.580300008878112,200,
15.861300053074956,200,
16.226100036874413,200,
16.118100145831704,200,
16.129900002852082,200,
2.012600190937519,200,
2.3526998702436686,200,
1.3027000240981579,200,
1.0136000346392393,200,
1.2662000954151154,200,
1.2252000160515308,200,
1.0832000989466906,200,
1.0516000911593437,200,
1.0275000240653753,200,
12.39950000308454,200,
20.17199993133545,200,
15.955900074914098,200,
1.5860998537391424,200,
13.78650008700788,200,
15.730099985376,200,
2.30229995213449,200,
2.6132999919354916,200,
2.281900029629469,200,
2.3344000801444054,200,
2.397199859842658,200,
1.1475000064820051,200,
1.1338000185787678,200,
22.283699829131365,200,
27.231600135564804,200,
14.977500075474381,200,
15.400300035253167,200,
15.850699972361326,200,
15.901499893516302,200,
1.9195000641047955,200,
1.8350998871028423,200,
2.2859000600874424,200,
2.387800021097064,200,
2.372399903833866,200,
2.629299880936742,200,
6.693399976938963,200,
1.244999933987856,200,
1.1897999793291092,200,
1.0591000318527222,200,
1.1080000549554825,200,
1.5471999067813158,200,
23.289700038731098,200,
16.077599953860044,200,
26.5903000254184,200,
1.6795999836176634,200,
1.9123000092804432,200,
1.6320999711751938,200,
1.8858001567423344,200,
1.491999952122569,200,
1.7458000220358372,200,
2.346399938687682,200,
2.3755000438541174,200,
2.0417000632733107,200,
2.3787999525666237,200,
1.4528001192957163,200,
1.0927999392151833,200,
1.0136000346392393,200,
1.1129998601973057,200,
25.391299976035953,200,
20.872300025075674,200,
4.204700002446771,200,
23.06709997355938,200,
27.177499840036035,200,
2.2960000205785036,200,
15.171700157225132,200,
12.831900035962462,200,
2.248600125312805,200,
13.322200160473585,200,
16.072100028395653,200,
15.620500082150102,200,
16.06660010293126,200,
14.65810020454228,200,
15.096900053322315,200,
15.25599998421967,200,
15.274100005626678,200,
2.4598001036792994,200,
15.79390000551939,200,
13.273400021716952,200,
2.668500179424882,200,
15.368999913334846,200,
13.05900001898408,200,
2.5755998212844133,200,
13.430299935862422,200,
16.078599961474538,200,
14.48130002245307,200,
15.300999861210585,200,
2.292900113388896,200,
13.22960015386343,200,
15.18619991838932,200,
2.4363999255001545,200,
14.761100057512522,200,
12.693900149315596,200,
16.05320000089705,200,
16.065299976617098,200,
2.4490999057888985,200,
16.48580003529787,200,
14.401399996131659,200,
2.4236999452114105,200,
12.072800192981958,200,
14.553299872204661,200,
15.07680001668632,200,
15.507499920204282,200,
2.294700127094984,200,
12.616999913007021,200,
15.386700164526701,200,
2.4262999650090933,200,
15.301800100132823,200,
13.268499867990613,200,
13.853800017386675,200,
14.763500075787306,200,
2.6330999098718166,200,
13.058899901807308,200,
15.381400007754564,200,
2.475100103765726,200,
12.034199899062514,200,
15.01159998588264,200,
3.711399855092168,200,
15.93180000782013,200,
13.11199995689094,200,
3.1524000223726034,200,
3.5807001404464245,200,
30.72519996203482,200,
31.547500053420663,200,
6.813999963924289,200,
27.978199999779463,200,
22.00540015473962,200,
28.72420009225607,200,
29.434200143441558,200,
3.24749993160367,200,
14.315100153908134,200,
27.860299916937947,200,
17.403899924829602,200,
15.353899914771318,200,
15.486200107261539,200,
3.3343001268804073,200,
13.25020007789135,200,
3.1623998656868935,200,
25.656600017100573,200,
3.1449999660253525,200,
27.035600040107965,200,
16.58189995214343,200,
28.64949987269938,200,
5.254500079900026,200,
5.8818000834435225,200,
3.3831000328063965,200,
21.454500034451485,200,
26.075399946421385,200,
3.644899930804968,200,
13.38729984126985,200,
26.233799988403916,200,
15.815500169992447,200,
15.292499912902713,200,
15.594499884173274,200,
1.433999976143241,200,
14.947099843993783,200,
13.790300115942955,200,
16.246899962425232,200,
16.2090000230819,200,
1.33050000295043,200,
14.95240000076592,200,
13.864099979400635,200,
1.3453999999910593,200,
14.688000082969666,200,
16.304299933835864,200,
14.420900028198957,200,
14.630200108513236,200,
16.304500168189406,200,
16.875100089237094,200,
14.161000028252602,200,
14.175500022247434,200,
1.4760000631213188,200,
3.5004999954253435,200,
3.254400100558996,200,
2.554000122472644,200,
2.180300187319517,200,
2.093799877911806,200,
2.1100000012665987,200,
2.107500098645687,200,
1.546700019389391,200,
2.751599997282028,200,
1.113399863243103,200,
18.068999983370304,200,
17.176200170069933,200,
1.2974999845027924,200,
13.916700147092342,200,
15.57609997689724,200,
15.227900119498372,200,
15.612800139933825,200,
1.4369001146405935,200,
13.549300143495202,200,
15.067399945110083,200,
1.2961002066731453,200,
15.36429999396205,200,
14.389700023457408,200,
1.2652999721467495,200,
15.04819979891181,200,
14.082000125199556,200,
1.3347999192774296,200,
13.248899951577187,200,
14.872000087052584,200,
16.35829987935722,200,
16.648200107738376,200,
1.239800127223134,200,
13.42370011843741,200,
14.996799873188138,200,
1.46949989721179,200,
14.997699996456504,200,
13.521600048989058,200,
15.729399863630533,200,
15.702399890869856,200,
1.8255999311804771,200,
12.754800030961633,200,
14.776100171729922,200,
2.203000010922551,200,
14.872199855744839,200,
13.052599970251322,200,
1.6467999666929245,200,
15.159300062805414,200,
13.543299864977598,200,
15.125200152397156,200,
15.126300044357777,200,
1.8468000926077366,200,
1.8265999387949705,200,
1.4925000723451376,200,
1.7521001864224672,200,
1.919599948450923,200,
2.1915999241173267,200,
1.8654000014066696,200,
26.95770002901554,200,
29.31700018234551,200,
3.368200035765767,200,
24.27490008994937,200,
27.387999929487705,200,
15.411300119012594,200,
15.407899860292673,200,
16.165899811312556,200,
16.191199887543917,200,
16.30939985625446,200,
16.734200064092875,200,
2.3300000466406345,200,
12.648300034925342,200,
26.38139994814992,200,
16.49599988013506,200,
14.931299956515431,200,
15.531999990344048,200,
14.691799879074097,200,
15.236299950629473,200,
15.28259995393455,200,
15.284699853509665,200,
15.071299858391285,200,
15.078000025823712,200,
16.124199843034148,200,
16.19819994084537,200,
14.782000100240111,200,
15.339200152084231,200,
2.2016000002622604,200,
14.889799989759922,200,
13.125300174579024,200,
2.190499799326062,200,
12.845700141042471,200,
15.505400020629168,200,
2.387200016528368,200,
15.709699830040336,200,
13.693999964743853,200,
14.648400014266372,200,
15.432599931955338,200,
2.3186001926660538,200,
14.775499934330583,200,
13.200900051742792,200,
2.3452998138964176,200,
14.974900055676699,200,
12.583999894559383,200,
15.117800096049905,200,
15.551999909803271,200,
2.7268000412732363,200,
14.885800192132592,200,
12.609000084921718,200,
2.2426999639719725,200,
15.12999995611608,200,
13.349199900403619,200,
15.165500110015273,200,
15.169200021773577,200,
2.1655000746250153,200,
15.019699931144714,200,
12.807000195607543,200,
16.05170010589063,200,
16.058499924838543,200,
2.4141999892890453,200,
15.135399997234344,200,
13.095999835059047,200,
14.99669998884201,200,
14.995800098404288,200,
15.085000079125166,200,
15.505600022152066,200,
15.699699986726046,200,
16.134300036355853,200,
15.295400051400065,200,
15.308999922126532,200,
2.422100165858865,200,
14.922099886462092,200,
12.885699979960918,200,
15.839499887079,200,
16.435200115665793,200,
14.007000019773841,200,
14.561699936166406,200,
1.8154000863432884,200,
13.33440002053976,200,
15.355900162830949,200,
1.8366998992860317,200,
16.24109991826117,200,
14.854999957606196,200,
13.753000181168318,200,
14.129299903288484,200,
1.3119000941514969,200,
13.830599840730429,200,
15.427199890837073,200,
1.4706000220030546,200,
13.827600050717592,200,
15.381500124931335,200,
21.200800081714988,200,
21.56889997422695,200,
7.579999975860119,200,
8.429500041529536,200,
3.4058999735862017,200,
6.199799943715334,200,
4.749099956825376,200,
4.402700113132596,200,
4.141800105571747,200,
4.3403999879956245,200,
4.18399996124208,200,
3.5520000383257866,200,
3.2302001491189003,200,
2.9772999696433544,200,
2.894999925047159,200,
2.9298998415470123,200,
2.7658999897539616,200,
2.809099853038788,200,
2.991599962115288,200,
3.1880000606179237,200,
2.9198001138865948,200,
2.4666001554578543,200,
2.4681999348104,200,
2.392600057646632,200,
2.2431001998484135,200,
2.195799956098199,200,
2.126599894836545,200,
2.139599993824959,200,
2.1764999255537987,200,
2.128100022673607,200,
2.4748998694121838,200,
2.6255000848323107,200,
2.956500044092536,200,
3.238100092858076,200,
2.513800049200654,200,
2.1347999572753906,200,
2.078999998047948,200,
2.1952001843601465,200,
2.1377999801188707,200,
1.9028999377042055,200,
1.9598999060690403,200,
2.050000010058284,200,
1.985300099477172,200,
2.025499939918518,200,
2.3773000575602055,200,
2.679399913176894,200,
3.4348000772297382,200,
2.3309001699090004,200,
2.6261000894010067,200,
2.592299832031131,200,
1.2658999767154455,200,
12.450099922716618,200,
27.454799972474575,200,
16.250599874183536,200,
1.5799999237060547,200,
15.278599923476577,200,
13.643699930980802,200,
16.031699953600764,200,
16.097099985927343,200,
1.5330000314861536,200,
13.583899941295385,200,
15.429599909111857,200,
1.5741998795419931,200,
14.681600034236908,200,
16.34049997664988,200,
14.953600009903312,200,
15.335500007495284,200,
1.3590999878942966,200,
15.007999958470464,200,
13.921999838203192,200,
1.4094000216573477,200,
15.137099893763661,200,
13.784199953079224,200,
15.218500047922134,200,
15.60300006531179,200,
15.037500066682696,200,
15.367399901151657,200,
15.23829996585846,200,
15.213399892672896,200,
1.448000082746148,200,
14.070600038394332,200,
15.639000106602907,200,
1.4020998496562243,200,
13.947600033134222,200,
15.345899853855371,200,
1.4408000279217958,200,
14.773899922147393,200,
13.310999842360616,200,
1.9040999468415976,200,
13.542999979108572,200,
15.499399974942207,200,
1.8756999634206295,200,
12.92949984781444,200,
14.83270013704896,200,
1.7605000175535679,200,
18.549500033259392,200,
20.768499933183193,200,
10.055999970063567,200,
10.125299915671349,200,
6.537300068885088,200,
2.691500121727586,200,
16.36330015026033,200,
22.99470012076199,200,
16.891099978238344,200,
2.41530011408031,200,
2.8144000098109245,200,
2.8899998869746923,200,
1.9736997783184052,200,
1.933300169184804,200,
1.3517001643776894,200,
12.291199993342161,200,
19.239999819546938,200,
15.646900050342083,200,
1.7394998576492071,200,
2.0022999960929155,200,
1.1632000096142292,200,
13.951400062069297,200,
12.724500149488449,200,
1.5996000729501247,200,
1.8621999770402908,200,
1.4841000083833933,200,
1.497599994763732,200,
1.4807998668402433,200,
1.5626999083906412,200,
1.2280999217182398,200,
1.8672998994588852,200,
1.5169999096542597,200,
1.1817999184131622,200,
21.81080006994307,200,
24.322499986737967,200,
1.8294998444616795,200,
1.8042000010609627,200,
1.4786000829190016,200,
1.7309000249952078,200,
2.530499827116728,200,
2.5945999659597874,200,
1.3498999178409576,200,
1.6496998723596334,200,
1.5571999829262495,200,
1.9494001753628254,200,
1.5303001273423433,200,
0.8801000658422709,200,
26.915600057691336,200,
25.710299843922257,200,
4.463799996301532,200,
3.8318000733852386,200,
27.507999911904335,200,
19.96030006557703,200,
3.2983000855892897,200,
13.82800005376339,200,
15.882099978625774,200,
27.152700116857886,200,
3.8896999321877956,200,
13.196300016716123,200,
16.558400122448802,200,
27.219700161367655,200,
3.6284998059272766,200,
14.828300103545189,200,
27.017500018700957,200,
16.443499829620123,200,
15.942299971356988,200,
15.945999883115292,200,
3.294799942523241,200,
3.221999853849411,200,
14.324399875476956,200,
16.253900015726686,200,
23.909399984404445,200,
2.6096999645233154,200,
13.266300084069371,200,
16.429400071501732,200,
2.8819998260587454,200,
4.951299866661429,200,
4.701799945905805,200,
5.044099874794483,200,
5.043900106102228,200,
4.798299865797162,200,
4.5871001202613115,200,
4.135399824008346,200,
3.8223001174628735,200,
3.6975000984966755,200,
3.627799917012453,200,
3.860000055283308,200,
3.717399900779128,200,
3.2059000805020332,200,
2.973299939185381,200,
2.7542999014258385,200,
2.6368999388068914,200,
2.649500034749508,200,
2.5977001059800386,200,
2.4156998842954636,200,
2.4052001535892487,200,
3.338700160384178,200,
2.266800031065941,200,
2.011300064623356,200,
16.87460020184517,200,
19.273400073871017,200,
15.522499801591039,200,
15.94349998049438,200,
14.818300027400255,200,
15.24839992634952,200,
3.8083000108599663,200,
5.333099979907274,200,
2.9990000184625387,200,
1.842800062149763,200,
1.8669001292437315,200,
2.601600019261241,200,
1.2062001042068005,200,
1.2528998777270317,200,
22.246900014579296,200,
19.75730014964938,200,
3.3813000191003084,200,
3.8838000036776066,200,
2.3237999994307756,200,
2.8739001136273146,200,
2.1955000702291727,200,
2.1917999256402254,200,
1.9793000537902117,200,
2.357000019401312,200,
2.2200001403689384,200,
2.267099916934967,200,
1.319199800491333,200,
15.08269994519651,200,
17.024299828335643,200,
1.5845000743865967,200,
14.255400048568845,200,
15.553399920463562,200,
1.4319000765681267,200,
14.541399898007512,200,
16.01030002348125,200,
1.4726999215781689,200,
13.58660007826984,200,
15.102700097486377,200,
1.323699951171875,200,
15.300399856641889,200,
14.002199983224273,200,
15.381000004708767,200,
15.339199919253588,200,
1.325999852269888,200,
14.52750014141202,200,
16.145400004461408,200,
1.3212000485509634,200,
15.430500032380223,200,
14.094899874180555,200,
1.3210999313741922,200,
2.601600019261241,200,
2.210599835962057,200,
2.1405001170933247,200,
2.128200139850378,200,
2.070399932563305,200,
2.0240000449121,200,
2.0480998791754246,200,
2.2502001374959946,200,
2.386300126090646,200,
2.359400037676096,200,
2.6203999295830727,200,
2.5736000388860703,200,
2.1949000656604767,200,
2.109699882566929,200,
2.160700038075447,200,
2.0618000999093056,200,
1.9563001114875078,200,
1.8949999939650297,200,
1.9080000929534435,200,
2.1228999830782413,200,
1.4317999593913555,200,
22.538299905136228,200,
23.00940011627972,200,
1.3900999911129475,200,
15.079400036484003,200,
13.671600027009845,200,
1.248599961400032,200,
14.17419989593327,200,
15.440500108525157,200,
14.995099976658821,200,
15.27690002694726,200,
1.4414000324904919,200,
16.003699973225594,200,
14.530400047078729,200,
1.2817000970244408,200,
15.117899980396032,200,
16.67400007136166,200,
1.2147999368607998,200,
12.973699951544404,200,
14.461499871686101,200,
1.3141999952495098,200,
13.771999860182405,200,
15.413000015541911,200,
15.311199938878417,200,
15.260699903592467,200,
1.4100999105721712,200,
13.524000067263842,200,
15.02349996007979,200,
15.285099856555462,200,
15.647500054910779,200,
15.299000078812242,200,
15.30490000732243,200,
15.430100029334426,200,
15.401999931782484,200,
1.5149000100791454,200,
1.1166001204401255,200,
15.328200068324804,200,
12.934300117194653,200,
14.81910003349185,200,
15.107000013813376,200,
3.0592000111937523,200,
3.3933999948203564,200,
11.95260020904243,200,
12.364299967885017,200,
14.751499984413385,200,
15.082000056281686,200,
1.936399843543768,200,
14.99669998884201,200,
13.258199905976653,200,
1.3250999618321657,200,
15.066700056195259,200,
13.771299971267581,200,
15.408100094646215,200,
15.362899983301759,200,
1.3726998586207628,200,
15.194799983873963,200,
13.861700193956494,200,
1.3133999891579151,200,
15.135300112888217,200,
13.783699832856655,200,
15.524899819865823,200,
15.48999990336597,200,
15.038900077342987,200,
15.317999990656972,200,
1.397299813106656,200,
14.175000134855509,200,
15.640900004655123,200,
14.94210003875196,200,
15.26599982753396,200,
1.668199896812439,200,
15.367999905720353,200,
14.185999985784292,200,
1.6977000050246716,200,
13.095999835059047,200,
14.590100152418017,200,
1.3796999119222164,200,
13.739499961957335,200,
15.390799846500158,200,
1.5407998580485582,200,
13.931600144132972,200,
15.557999955490232,200,
15.910099959000945,200,
16.273000044748187,200,
14.761500060558319,200,
15.160000184550881,200,
15.542400069534779,200,
15.935699921101332,200,
2.8458999004215,200,
2.764499979093671,200,
1.4573000371456146,200,
11.306700063869357,200,
1.1758999899029732,200,
25.32680006697774,200,
14.296700013801455,200,
1.282599987462163,200,
14.460199978202581,200,
16.031399834901094,200,
1.324700191617012,200,
13.978400034829974,200,
15.59840003028512,200,
1.3623000122606754,200,
15.59570012614131,200,
14.469999819993973,200,
1.4751998241990805,200,
14.714600052684546,200,
13.520200038328767,200,
1.4998998958617449,200,
15.569600043818355,200,
14.075699960812926,200,
15.366700012236834,200,
15.330599853768945,200,
1.5477000270038843,200,
13.476000167429447,200,
15.370500041171908,200,
1.723600085824728,200,
13.661199947819114,200,
15.728899976238608,200,
1.779099926352501,200,
15.055699972435832,200,
13.233000179752707,200,
1.6882999334484339,200,
13.403500197455287,200,
15.143099939450622,200,
1.642199931666255,200,
15.182900009676814,200,
13.864499982446432,200,
15.148000093176961,200,
15.16529987566173,200,
15.027000103145838,200,
15.399999916553497,200,
1.5221999492496252,200,
15.046499902382493,200,
13.554200064390898,200,
15.600600047037005,200,
15.601899940520525,200,
1.3198999222368002,200,
13.512299861758947,200,
15.209499979391694,200,
1.6602000687271357,200,
13.227399904280901,200,
15.266000060364604,200,
16.083099879324436,200,
16.506000189110637,200,
1.7197998240590096,200,
12.240699958056211,200,
14.256700174883008,200,
15.517699997872114,200,
15.778000000864267,200,
1.4765998348593712,200,
13.554800068959594,200,
15.303699998185039,200,
1.3346001505851746,200,
15.053900191560388,200,
14.159600017592311,200,
15.443200012668967,200,
15.50340000540018,200,
1.5026000328361988,200,
14.859299873933196,200,
13.640500139445066,200,
1.2962000910192728,200,
14.846500009298325,200,
16.432899981737137,200,
14.410099945962429,200,
14.466000022366643,200,
20.054300082847476,200,
20.6772000528872,200,
6.039000116288662,200,
26.900399941951036,200,
21.725900005549192,200,
2.6569999754428864,200,
13.944400008767843,200,
16.446399968117476,200,
27.761199977248907,200,
3.804400097578764,200,
3.706699935719371,200,
2.067399909719825,200,
2.070500049740076,200,
23.54849991388619,200,
23.6245000269264,200,
14.73790011368692,200,
15.325299929827452,200,
1.3491001445800066,200,
14.487199950963259,200,
15.614799922332168,200,
15.053000068292022,200,
15.122800134122372,200,
15.317099867388606,200,
15.300899976864457,200,
15.180399874225259,200,
15.523100038990378,200,
1.2839001137763262,200,
14.597399858757854,200,
16.252700006589293,200,
1.279100077226758,200,
15.334400115534663,200,
13.986999867483974,200,
1.3836000580340624,200,
13.997799949720502,200,
15.46050002798438,200,
15.02220006659627,200,
15.40099992416799,200,
14.917599968612194,200,
15.304700005799532,200,
15.541600063443184,200,
15.575300203636289,200,
15.142600052058697,200,
15.280999941751361,200,
15.003399923443794,200,
15.524700051173568,200,
16.030299942940474,200,
16.03369996882975,200,
2.0905998535454273,200,
13.246299931779504,200,
15.403300058096647,200,
15.9750001039356,200,
16.336899949237704,200,
15.059299999848008,200,
15.069300075992942,200,
2.0282999612390995,200,
15.009300084784627,200,
13.350400142371655,200,
15.887400135397911,200,
15.840899897739291,200,
1.8610998522490263,200,
15.241100220009685,200,
13.338100165128708,200,
2.0423000678420067,200,
14.073299942538142,200,
16.172700095921755,200,
2.0920000970363617,200,
13.256599893793464,200,
15.449500177055597,200,
4.5993998646736145,200,
5.02249994315207,200,
2.05690017901361,200,
26.266200002282858,200,
24.607399944216013,200,
1.968699973076582,200,
14.902699971571565,200,
13.360299868509173,200,
14.872699975967407,200,
15.244800131767988,200,
2.255900064483285,200,
15.13060019351542,200,
12.914899969473481,200,
15.206800075247884,200,
15.102399978786707,200,
2.109099877998233,200,
15.302699990570545,200,
13.51049984805286,200,
14.818599913269281,200,
15.183300012722611,200,
1.4904001727700233,200,
1.1384999379515648,200,
1.1255999561399221,200,
1.5382999554276466,200,
1.3830000534653664,200,
15.339900040999055,200,
24.15139996446669,200,
15.6678999774158,200,
1.3169997837394476,200,
1.1342000216245651,200,
1.1076999362558126,200,
1.301199896261096,200,
15.038899844512343,200,
26.3884998857975,200,
16.703899949789047,200,
1.9818998407572508,200,
2.5212999898940325,200,
1.6852000262588263,200,
1.6268999315798283,200,
1.7530000768601894,200,
2.0294999703764915,200,
1.674500061199069,200,
1.697000116109848,200,
2.1838999819010496,200,
2.0618000999093056,200,
1.8607000820338726,200,
19.50049982406199,200,
21.142400102689862,200,
1.15430005826056,200,
1.1800001375377178,200,
1.0824000928550959,200,
15.927900094538927,200,
1.2415999080985785,200,
1.1024000123143196,200,
1.1210001539438963,200,
1.139999832957983,200,
1.1195000261068344,200,
1.2189000844955444,200,
1.1028998997062445,200,
1.0111001320183277,200,
0.9689000435173512,200,
1.0349999647587538,200,
1.2385998852550983,200,
26.416099863126874,200,
2.0468002185225487,200,
1.1134999804198742,200,
0.9683999232947826,200,
0.9426998440176249,200,
1.0158999357372522,200,
1.0228999890387058,200,
0.9337000083178282,200,
0.9347999002784491,200,
14.995099976658821,200,
25.811499916017056,200,
18.65480002015829,200,
13.858200050890446,200,
13.86489998549223,200,
15.097199939191341,200,
15.095200156792998,200,
20.21039999090135,200,
20.89840010739863,200,
6.588199874386191,200,
30.96539992839098,200,
24.457199964672327,200,
5.023000063374639,200,
21.06099994853139,200,
25.68379999138415,200,
15.419600065797567,200,
16.365000046789646,200,
2.794699976220727,200,
15.055900206789374,200,
13.144500087946653,200,
3.092800034210086,200,
3.557699965313077,200,
11.732399929314852,200,
27.54709986038506,200,
16.705699963495135,200,
2.6094000786542892,200,
14.057799940928817,200,
27.12240000255406,200,
16.21929998509586,200,
3.163499990478158,200,
14.012699946761131,200,
27.702399995177984,200,
17.339600017294288,200,
3.1702001579105854,200,
2.4544999469071627,200,
13.88249988667667,200,
25.176600087434053,200,
16.46820013411343,200,
2.889299998059869,200,
14.360300032421947,200,
16.945499926805496,200,
28.438500128686428,200,
15.256800223141909,200,
15.267800074070692,200,
2.510800026357174,200,
13.11690011061728,200,
16.318699810653925,200,
2.5935000739991665,200,
14.658200088888407,200,
12.641600100323558,200,
2.6159000117331743,200,
13.565400149673223,200,
16.764100175350904,200,
14.355000108480453,200,
14.80120001360774,200,
1.6824000049382448,200,
1.711099874228239,200,
1.083899987861514,200,
13.942999998107553,200,
15.151799889281392,200,
2.8967999387532473,200,
13.348399894312024,200,
26.48840006440878,200,
16.013299813494086,200,
2.480400027707219,200,
13.621999882161617,200,
16.169300070032477,200,
14.825899852439761,200,
15.26960008777678,200,
14.717899961397052,200,
15.495199942961335,200,
2.971100155264139,200,
3.837199881672859,200,
13.341299956664443,200,
13.328300090506673,200,
14.206500025466084,200,
14.092599973082542,200,
15.11260005645454,200,
15.395900001749396,200,
1.3109000865370035,200,
15.320800011977553,200,
14.145000139251351,200,
14.496800024062395,200,
14.423100044950843,200,
1.2716001365333796,200,
15.547999879345298,200,
14.303999952971935,200,
15.886799897998571,200,
16.194499796256423,200,
15.48900012858212,200,
15.737599926069379,200,
1.2954999692738056,200,
15.45309997163713,200,
14.138200087472796,200,
1.2789999600499868,200,
15.024499967694283,200,
14.079600106924772,200,
1.3365999329835176,200,
14.992899959906936,200,
14.243900077417493,200,
14.905600110068917,200,
15.241899993270636,200,
15.429100021719933,200,
15.39700012654066,200,
1.7930001486092806,200,
14.840699965134263,200,
13.32379993982613,200,
15.156100038439035,200,
15.493799932301044,200,
15.354400034993887,200,
15.679899835959077,200,
15.29889996163547,200,
15.292299911379814,200,
1.687800046056509,200,
14.827100094407797,200,
13.465099968016148,200,
15.381499892100692,200,
15.795999905094504,200,
1.5521000605076551,200,
14.311600010842085,200,
15.849600080400705,200,
1.5610000118613243,200,
13.659900054335594,200,
15.565899899229407,200,
14.943300047889352,200,
15.312400180846453,200,
1.321400050073862,200,
15.235899947583675,200,
14.234100002795458,200,
1.4234997797757387,200,
15.149399871006608,200,
13.980099931359291,200,
1.9121000077575445,200,
1.9382999744266272,200,
1.203400082886219,200,
13.488000025972724,200,
12.614700011909008,200,
1.9483000505715609,200,
14.795699855312705,200,
13.245999813079834,200,
2.677799900993705,200,
13.97299999371171,200,
12.37879996187985,200,
1.5050999354571104,200,
16.156800091266632,200,
14.931800076738,200,
14.475200092419982,200,
14.482800150290132,200,
1.3950001448392868,200,
14.726799912750721,200,
16.17459999397397,200,
15.1655999943614,200,
15.187099808827043,200,
1.5324000269174576,200,
15.910499962046742,200,
14.434400014579296,200,
15.048099914565682,200,
15.055999858304858,200,
1.476299948990345,200,
1.1591999791562557,200,
1.177300000563264,200,
1.353000057861209,200,
1.0182000696659088,200,
1.3564000837504864,200,
1.7930998001247644,200,
1.9199000671505928,200,
14.9983000010252,200,
18.961699912324548,200,
15.884999884292483,200,
1.3109000865370035,200,
15.470100101083517,200,
14.297200134024024,200,
1.2997998856008053,200,
20.699300104752183,200,
20.25080006569624,200,
29.372600140050054,200,
29.425499960780144,200,
3.9661999326199293,200,
22.922599921002984,200,
26.684300042688847,200,
2.5071001145988703,200,
12.47469987720251,200,
15.013499883934855,200,
14.972899807617068,200,
15.465000178664923,200,
2.259699860587716,200,
2.012799959629774,200,
13.987000100314617,200,
15.821999870240688,200,
25.966099929064512,200,
2.4395999498665333,200,
15.88730001822114,200,
13.810999924317002,200,
2.4109999649226665,200,
15.837599989026785,200,
13.79489991813898,200,
15.069999964907765,200,
15.560699859634042,200,
2.2269999608397484,200,
14.775200048461556,200,
13.057900127023458,200,
15.185900032520294,200,
15.116999857127666,200,
15.164799988269806,200,
15.1851000264287,200,
2.608399838209152,200,
11.950300075113773,200,
15.16529987566173,200,
2.6068000588566065,200,
14.30810010060668,200,
13.020700076594949,200,
2.485400065779686,200,
13.15949996933341,200,
15.306399902328849,200,
2.520600100979209,200,
14.013100182637572,200,
16.677299980074167,200,
13.739499961957335,200,
13.660100055858493,200,
14.927600044757128,200,
15.30840015038848,200,
14.818700030446053,200,
15.209400095045567,200,
15.954399947077036,200,
16.382599947974086,200,
2.895799931138754,200,
3.325199941173196,200,
2.361900173127651,200,
1.1743998620659113,200,
24.045799858868122,200,
27.210099855437875,200,
15.362499980255961,200,
15.674800146371126,200,
15.830599935725331,200,
16.169700073078275,200,
1.4293999411165714,200,
13.579900143668056,200,
15.331799862906337,200,
1.6355998814105988,200,
14.827999984845519,200,
13.601400190964341,200,
1.7818999476730824,200,
12.963399989530444,200,
15.245100017637014,200,
1.7247998621314764,200,
13.2385001052171,200,
14.874299988150597,200,
15.146399848163128,200,
15.456299996003509,200,
15.35779982805252,200,
15.730200102552772,200,
1.352699939161539,200,
14.401100110262632,200,
16.11710013821721,200,
1.5561999753117561,200,
15.298800077289343,200,
13.986699981614947,200,
1.5640000347048044,200,
14.89790016785264,200,
13.57770012691617,200,
1.3677000533789396,200,
13.553099939599633,200,
15.411000000312924,200,
1.4271000400185585,200,
14.142900006845593,200,
15.483399853110313,200,
15.052000060677528,200,
15.045499894768,200,
15.889799920842052,200,
15.84280002862215,200,
1.4875999186187983,200,
13.427900150418282,200,
14.973199926316738,200,
15.062000136822462,200,
15.106899896636605,200,
15.458400128409266,200,
15.40849986486137,200,
2.043900080025196,200,
2.064500004053116,200,
1.9165000412613153,200,
12.13640021160245,200,
15.891300048679113,200,
26.36809996329248,200,
1.4266001526266336,200,
15.502800000831485,200,
14.311900129541755,200,
1.4386000111699104,200,
16.006099991500378,200,
14.796599978581071,200,
14.160699909552932,200,
14.421199914067984,200,
1.286200014874339,200,
14.781499980017543,200,
13.521000044420362,200,
15.58980019763112,200,
15.605600085109472,200,
1.2734001502394676,200,
13.535399921238422,200,
15.135900117456913,200,
1.3532000593841076,200,
15.806399984285235,200,
14.472899958491325,200,
1.3809001538902521,200,
14.963599853217602,200,
13.884100131690502,200,
1.4143998268991709,200,
13.312000082805753,200,
15.044900123029947,200,
15.566600020974874,200,
15.640600118786097,200,
1.6169000882655382,200,
14.87970002926886,200,
13.647900195792317,200,
15.239800093695521,200,
15.245200134813786,200,
15.428700018674135,200,
15.422699972987175,200,
14.810299966484308,200,
15.10499999858439,200,
1.2863001320511103,200,
15.163999982178211,200,
13.8414001557976,200,
1.2845001183450222,200,
13.730700127780437,200,
15.32750017940998,200,
15.528000192716718,200,
15.566200017929077,200,
1.4631000813096762,200,
0.9900999721139669,200,
0.9639998897910118,200,
1.2370999902486801,200,
1.0439001489430666,200,
0.9596999734640121,200,
0.9640001226216555,200,
0.9678001515567303,200,
15.297400066629052,200,
23.689000168815255,200,
17.202500021085143,200,
2.245499985292554,200,
2.498599933460355,200,
2.1454000379890203,200,
2.3632999509572983,200,
2.057099947705865,200,
2.07290006801486,200,
1.8535999115556479,200,
2.166799968108535,200,
1.7629999201744795,200,
19.87689989618957,200,
22.088899975642562,200,
2.656899858266115,200,
3.0294000171124935,200,
2.565699862316251,200,
2.601700136438012,200,
23.806100012734532,200,
24.093300104141235,200,
2.1633999422192574,200,
1.7043999396264553,200,
15.385200036689639,200,
11.455199914053082,200,
2.8765001334249973,200,
3.2059999648481607,200,
1.6326000913977623,200,
1.360700000077486,200,
0.8926000446081161,200,
0.8014999330043793,200,
0.7881000638008118,200,
0.8195999544113874,200,
0.8586999028921127,200,
0.8257001172751188,200,
12.247100006788969,200,
20.17190004698932,200,
16.512800008058548,200,
1.2596999295055866,200,
14.952499885112047,200,
13.700800016522408,200,
15.470199985429645,200,
15.47079998999834,200,
15.583900036290288,200,
15.59270010329783,200,
14.953900128602982,200,
15.084000071510673,200,
2.8045999351888895,200,
2.989700064063072,200,
2.7222998905926943,200,
2.6569999754428864,200,
1.5287999995052814,200,
1.93060003221035,200,
2.8479001484811306,200,
2.646000124514103,200,
2.9316998552531004,200,
3.043500008061528,200,
2.267200034111738,200,
1.501800026744604,200,
13.87850008904934,200,
17.140300013124943,200,
2.4741000961512327,200,
2.7214998845010996,200,
2.313799923285842,200,
2.6089001912623644,200,
2.59450008161366,200,
2.547499956563115,200,
2.1303000394254923,200,
3.0439000111073256,200,
2.116000046953559,200,
19.5376998744905,200,
18.36450002156198,200,
1.6212000045925379,200,
2.9529999010264874,200,
2.198199974372983,200,
2.1561000030487776,200,
2.1037000697106123,200,
2.0749999675899744,200,
2.1001999266445637,200,
2.0496000070124865,200,
1.9888000097125769,200,
2.113000024110079,200,
2.0985000301152468,200,
2.3268000222742558,200,
2.619900042191148,200,
2.4245998356491327,200,
3.253699978813529,200,
3.0569001100957394,200,
2.0360001362860203,200,
1.9530002027750015,200,
2.0016999915242195,200,
2.065100008621812,200,
2.1915999241173267,200,
2.178400056436658,200,
2.072300063446164,200,
2.068999921903014,200,
2.4656997993588448,200,
3.670400008559227,200,
1.5805000439286232,200,
13.27820005826652,200,
14.898000052198768,200,
16.144299879670143,200,
16.156000085175037,200,
15.723800053820014,200,
16.02820004336536,200,
1.2037998531013727,200,
13.812700053676963,200,
15.292699914425611,200,
1.3219998218119144,200,
13.702400028705597,200,
15.310600167140365,200,
1.277499832212925,200,
13.761300127953291,200,
15.385599806904793,200,
14.88669984973967,200,
15.24600014090538,200,
1.3212000485509634,200,
14.250100124627352,200,
15.680199954658747,200,
16.11939980648458,200,
16.518000047653913,200,
1.9833000842481852,200,
2.0651998929679394,200,
1.7699000891298056,200,
1.735200174152851,200,
2.052400028333068,200,
2.405799925327301,200,
1.60579988732934,200,
1.9328000489622355,200,
1.1821999214589596,200,
22.15030021034181,200,
23.413800168782473,200,
1.2986999936401844,200,
14.367100084200501,200,
16.091100173071027,200,
14.505100203678012,200,
14.490700094029307,200,
15.412100125104189,200,
15.439900103956461,200,
1.3213001657277346,200,
15.26929996907711,200,
13.86790000833571,200,
1.7055999487638474,200,
15.247700037434697,200,
13.508100062608719,200,
15.14250016771257,200,
15.446600038558245,200,
1.701700035482645,200,
13.783599948510528,200,
15.524900052696466,200,
1.599299954250455,200,
13.326399959623814,200,
14.966299990192056,200,
15.163900097832084,200,
15.504900133237243,200,
14.924000017344952,200,
15.266699949279428,200,
1.532200025394559,200,
13.561900006607175,200,
15.481999842450023,200,
1.513799885287881,200,
15.134999994188547,200,
13.997700065374374,200,
15.163599979132414,200,
15.123399905860424,200,
1.6216998919844627,200,
1.2377998791635036,200,
13.44110001809895,200,
16.68020011857152,200,
1.5964999329298735,200,
12.09890004247427,200,
14.106099959462881,200,
15.465899836272001,200,
15.694000059738755,200,
15.083699952811003,200,
14.762600185349584,200,
1.4130999334156513,200,
15.00399992801249,200,
13.833200093358755,200,
1.5014999080449343,200,
15.336000127717853,200,
14.086900046095252,200,
1.5499999281018972,200,
13.36069987155497,200,
14.941600151360035,200,
1.4015999622642994,200,
13.828099938109517,200,
15.548199880868196,200,
15.952900052070618,200,
16.003800090402365,200,
15.235200058668852,200,
15.555100049823523,200,
1.4152999501675367,200,
13.819699874147773,200,
15.55679994635284,200,
1.3929998967796564,200,
16.113900113850832,200,
14.689499977976084,200,
1.8309000879526138,200,
2.0993000362068415,200,
1.2962999753654003,200,
17.36310007981956,200,
19.092699978500605,200,
5.993200000375509,200,
20.645299926400185,200,
27.545900084078312,200,
2.7759999502450228,200,
13.649499975144863,200,
16.130399890244007,200,
26.960999937728047,200,
2.5621000677347183,200,
14.404899906367064,200,
12.539200019091368,200,
2.3556998930871487,200,
14.573399908840656,200,
13.296899851411581,200,
2.2919001057744026,200,
15.263800043612719,200,
13.701000018045306,200,
2.476699883118272,200,
15.77650010585785,200,
13.665099861100316,200,
2.3644999600946903,200,
14.990499941632152,200,
12.992999982088804,200,
15.539599815383554,200,
15.50199999473989,200,
1.7434998881071806,200,
12.80379993841052,200,
14.931299956515431,200,
15.286499867215753,200,
15.300400089472532,200,
15.536000020802021,200,
15.498799970373511,200,
1.4454000629484653,200,
2.509299898520112,200,
2.2780001163482666,200,
2.2146999835968018,200,
2.181699965149164,200,
2.175400033593178,200,
2.2269999608397484,200,
2.1473998203873634,200,
3.1689999159425497,200,
4.0472999680787325,200,
3.87750007212162,200,
3.4639001823961735,200,
2.5458999443799257,200,
2.649199916049838,200,
1.7483998090028763,200,
1.2049998622387648,200,
0.9750998578965664,200,
25.086999870836735,200,
27.392500080168247,200,
2.006900031119585,200,
14.402400003746152,200,
16.889400081709027,200,
15.798799926415086,200,
16.35570009239018,200,
2.244299976155162,200,
12.14340003207326,200,
14.83730017207563,200,
1.6255001537501812,200,
17.729699844494462,200,
15.691700158640742,200,
3.6623000632971525,200,
13.550899922847748,200,
25.504800025373697,200,
16.194300027564168,200,
2.6488001458346844,200,
16.265799989923835,200,
13.523600064218044,200,
14.995899982750416,200,
14.994499972090125,200,
2.6081001851707697,200,
13.105700025334954,200,
16.26940001733601,200,
2.594799967482686,200,
14.115599915385246,200,
16.947499942034483,200,
28.468799777328968,200,
15.032100025564432,200,
15.596600016579032,200,
2.5832001119852066,200,
13.98200006224215,200,
16.212600050494075,200,
28.201899956911802,200,
2.863700035959482,200,
13.75090004876256,200,
16.191399889066815,200,
27.589100180193782,200,
3.558299969881773,200,
4.1096999775618315,200,
2.8019000310450792,200,
25.714399991557002,200,
23.88489991426468,200,
2.691900124773383,200,
15.19120018929243,200,
12.353800004348159,200,
1.2870000209659338,200,
2.813899889588356,200,
3.1129999551922083,200,
3.4702999982982874,200,
3.094600047916174,200,
2.4751999881118536,200,
2.1168000530451536,200,
2.1359999664127827,200,
2.2819999139755964,200,
1.4708999078720808,200,
17.83079979941249,200,
18.330799881368876,200,
15.94520010985434,200,
15.905800042673945,200,
1.4301999472081661,200,
15.805399976670742,200,
14.624400064349174,200,
1.1725998483598232,200,
12.962999986484647,200,
14.440400060266256,200,
15.166400000452995,200,
15.228299889713526,200,
15.861900057643652,200,
15.82189998589456,200,
1.4302998315542936,200,
14.285099925473332,200,
15.897199977189302,200,
1.5918000135570765,200,
14.632700011134148,200,
13.46759987063706,200,
1.5713998582214117,200,
13.337000040337443,200,
15.289699891582131,200,
1.687999814748764,200,
15.39499987848103,200,
13.914800016209483,200,
2.634200034663081,200,
14.813000103458762,200,
11.71200000680983,200,
20.28350019827485,200,
21.021600114181638,200,
29.088399838656187,200,
28.944600140675902,200,
5.766599904745817,200,
6.486400030553341,200,
4.3969000689685345,200,
4.309199983254075,200,
17.808099975809455,200,
17.813900019973516,200,
15.395700000226498,200,
15.42820013128221,200,
14.765300089493394,200,
15.072300098836422,200,
15.45180007815361,200,
15.835900092497468,200,
15.059900004416704,200,
15.38489991798997,200,
1.3488999102264643,200,
1.1245000641793013,200,
1.0649999603629112,200,
1.2767999432981014,200,
1.107499934732914,200,
1.0559000074863434,200,
1.0538999922573566,200,
1.0375999845564365,200,
1.055999891832471,200,
1.2568000238388777,200,
1.4806999824941158,200,
1.7097999807447195,200,
16.399600077420473,200,
2.7840998955070972,200,
2.19290005043149,200,
1.5730001032352448,200,
1.4410000294446945,200,
1.491700066253543,200,
1.6214000061154366,200,
1.5761000104248524,200,
1.3734998647123575,200,
1.55590008944273,200,
1.6099000349640846,200,
1.4645999763160944,200,
1.5020000282675028,200,
1.5008999034762383,200,
1.5319001395255327,200,
2.063699997961521,200,
2.29629990644753,200,
1.5871000941842794,200,
16.83030021376908,200,
19.497100031003356,200,
1.453799894079566,200,
13.243500143289566,200,
15.081699937582016,200,
15.498199965804815,200,
15.47349989414215,200,
3.096400061622262,200,
3.1937998719513416,200,
26.323999976739287,200,
26.69310010969639,200,
15.863900072872639,200,
15.936600044369698,200,
15.298600075766444,200,
15.662400051951408,200,
14.941600151360035,200,
14.969199895858765,200,
15.034599928185344,200,
15.413299901410937,200,
1.3325000181794167,200,
13.78380018286407,200,
15.132900094613433,200,
15.295699937269092,200,
15.250100055709481,200,
1.3856999576091766,200,
15.49299992620945,200,
14.101299922913313,200,
1.4786000829190016,200,
16.029000049456954,200,
14.842400094494224,200,
14.939599903300405,200,
14.920399989932775,200,
1.6246999148279428,200,
13.684800127521157,200,
15.370399923995137,200,
15.358800068497658,200,
15.33780014142394,200,
1.6728001646697521,200,
13.522500172257423,200,
15.236300183460116,200,
1.5523999463766813,200,
15.586899826303124,200,
14.050399884581566,200,
14.986500144004822,200,
15.307300025597215,200,
1.4210001099854708,200,
13.570500072091818,200,
15.293499920517206,200,
1.3423999771475792,200,
15.384900150820613,200,
14.005100121721625,200,
1.5028000343590975,200,
15.83379996009171,200,
14.556400012224913,200,
1.4396000187844038,200,
13.854599790647626,200,
15.605200082063675,200,
1.5606998931616545,200,
13.43209994956851,200,
15.023099957033992,200,
1.3921998906880617,200,
1.1259999591857195,200,
1.0897000320255756,200,
1.2709000147879124,200,
1.0361999738961458,200,
1.0804000776261091,200,
1.007599988952279,200,
1.2309001758694649,200,
1.4798999764025211,200,
15.429999912157655,200,
1.2612000573426485,200,
1.091300044208765,200,
1.141600077971816,200,
1.14100007340312,200,
1.0794000700116158,200,
1.9248002208769321,200,
1.0622001718729734,200,
1.0502999648451805,200,
20.529799861833453,200,
1.3908999972045422,200,
14.587000012397766,200,
22.620500065386295,200,
2.4815001524984837,200,
3.0038999393582344,200,
2.2720000706613064,200,
2.6871999725699425,200,
2.2426999639719725,200,
2.230399986729026,200,
1.6640000976622105,200,
2.1898001432418823,200,
1.5066999476402998,200,
1.9241999834775925,200,
2.323599997907877,200,
2.1600001491606236,200,
2.375700045377016,200,
2.2929999977350235,200,
1.8785002175718546,200,
2.014900092035532,200,
1.8009000923484564,200,
1.7458000220358372,200,
1.6228999011218548,200,
24.974599946290255,200,
24.123899871483445,200,
2.0763000939041376,200,
13.268300099298358,200,
15.296699944883585,200,
1.4357001055032015,200,
0.9923998732119799,200,
0.9816999081522226,200,
14.503899961709976,200,
1.1068000458180904,200,
1.0466000530868769,200,
1.1752001009881496,200,
12.22350005991757,200,
26.654700050130486,200,
15.294099925085902,200,
15.29160002246499,200,
1.3407999649643898,200,
13.873999938368797,200,
15.493000159040093,200,
1.3584999833256006,200,
15.432700049132109,200,
14.117399929091334,200,
19.798000110313296,200,
20.53670003078878,200,
8.606000104919076,200,
8.48369998857379,200,
4.336700076237321,200,
13.719400158151984,200,
18.858600175008178,200,
2.5704000145196915,200,
16.039500012993813,200,
13.40089994482696,200,
2.8795001562684774,200,
14.172000112012029,200,
16.04699995368719,200,
27.891899924725294,200,
2.8715000953525305,200,
12.839099857956171,200,
16.350300051271915,200,
15.863799955695868,200,
15.941600082442164,200,
1.5685998369008303,200,
1.6833001282066107,200,
1.1576998513191938,200,
13.49289994686842,200,
25.224599987268448,200,
16.70209993608296,200,
14.360199915245175,200,
14.624999836087227,200,
15.260800020769238,200,
15.324300155043602,200,
1.4266001526266336,200,
13.41610006056726,200,
14.902899973094463,200,
15.639099990949035,200,
15.688699902966619,200,
15.724899945780635,200,
16.147600021213293,200,
1.4726999215781689,200,
13.59059987589717,200,
15.099500073119998,200,
1.3354998081922531,200,
15.370500041171908,200,
14.032700099050999,200,
1.2590999249368906,200,
15.64290001988411,200,
14.71080002374947,200,
15.345999971032143,200,
15.996600035578012,200,
1.4271000400185585,200,
14.492199989035726,200,
15.671500004827976,200,
1.4690000098198652,200,
13.755100080743432,200,
15.724600059911609,200,
1.6948999837040901,200,
13.038899982348084,200,
15.23509994149208,200,
14.732399955391884,200,
14.643599977716804,200,
1.3830000534653664,200,
13.631399953737855,200,
15.304500004276633,200,
1.3390001840889454,200,
18.601200077682734,200,
20.626300014555454,200,
6.639000028371811,200,
2.8470999095588923,200,
15.37330006249249,200,
26.19770006276667,200,
14.876199886202812,200,
16.02500001899898,200,
15.29050013050437,200,
15.258600004017353,200,
1.321100164204836,200,
15.650000190362334,200,
14.350800076499581,200,
1.2613001745194197,200,
15.835299855098128,200,
14.556100126355886,200,
1.2862998992204666,200,
15.870000002905726,200,
14.576999936252832,200,
14.952499885112047,200,
15.08580008521676,200,
1.4384000096470118,200,
14.595100190490484,200,
13.570299837738276,200,
1.7081999685615301,200,
14.633799903094769,200,
16.70329994522035,200,
14.500499935820699,200,
14.456300064921379,200,
2.253799932077527,200,
2.296400023624301,200,
1.6737000551074743,200,
12.120499974116683,200,
13.809700030833483,200,
1.4884001575410366,200,
13.013900024816394,200,
14.552499866113067,200,
15.492100035771728,200,
15.729899983853102,200,
2.2234998177736998,200,
2.453200053423643,200,
2.3014999460428953,200,
2.397900214418769,200,
1.9153000321239233,200,
24.439600063487887,200,
26.346799917519093,200,
1.3232999481260777,200,
15.359800076112151,200,
14.009600039571524,200,
1.2996001169085503,200,
15.322400024160743,200,
13.992400141432881,200,
15.975600108504295,200,
16.301200026646256,200,
15.095900045707822,200,
15.413499902933836,200,
1.3462998904287815,200,
14.528200030326843,200,
15.97370021045208,200,
14.66950005851686,200,
15.06449980661273,200,
15.151399886235595,200,
15.102699864655733,200,
1.893599983304739,200,
15.17609995789826,200,
13.309000059962273,200,
15.22469986230135,200,
15.23860008455813,200,
15.452699968591332,200,
15.424000099301338,200,
1.723799854516983,200,
15.149099985137582,200,
13.386399950832129,200,
1.6296999529004097,200,
15.475000021979213,200,
13.879199977964163,200,
16.077399952337146,200,
16.007800120860338,200,
1.7186999320983887,200,
13.280599843710661,200,
15.35339979454875,200,
1.8081001471728086,200,
15.961799770593643,200,
14.495200011879206,200,
1.9146001432090998,200,
15.057899989187717,200,
13.472100021317601,200,
1.6836998984217644,200,
13.40850000269711,200,
15.443400014191866,200,
1.6601001843810081,200,
15.342500060796738,200,
13.647599844262004,200,
15.415299916639924,200,
15.748700127005577,200,
2.416800009086728,200,
2.7576000429689884,200,
1.9221999682486057,200,
2.011599950492382,200,
1.3776000123471022,200,
1.2707000132650137,200,
23.912600008770823,200,
26.709800120443106,200,
2.505500102415681,200,
16.659999964758754,200,
13.980499934405088,200,
2.663099905475974,200,
2.9184999875724316,200,
2.1032001823186874,200,
2.1385999862104654,200,
0.997199909761548,200,
0.9993999265134335,200,
26.54019999317825,200,
24.75750003941357,200,
7.137099979445338,200,
7.143600145354867,200,
23.8149999640882,200,
23.824600037187338,200,
14.175199903547764,200,
14.022800140082836,200,
2.5861000176519156,200,
16.147900139912963,200,
13.614499941468239,200,
15.882600098848343,200,
15.786400064826012,200,
2.6672000531107187,200,
14.294699998572469,200,
15.711599960923195,200,
27.86149992607534,200,
3.289999905973673,200,
3.6331999581307173,200,
26.027800049632788,200,
27.326600160449743,200,
1.2870000209659338,200,
14.370900113135576,200,
15.993400011211634,200,
1.4283000491559505,200,
14.908900018781424,200,
13.775199884548783,200,
14.62390017695725,200,
14.950100099667907,200,
1.6878999304026365,200,
13.599500060081482,200,
15.59700001962483,200,
1.4749998226761818,200,
15.581400133669376,200,
14.076000079512596,200,
2.592399949207902,200,
2.86250002682209,200,
11.949500069022179,200,
12.238299939781427,200,
1.3618997763842344,200,
14.577899826690555,200,
16.262899851426482,200,
15.317700104787946,200,
15.660399803891778,200,
15.010100090876222,200,
15.335599891841412,200,
15.14929998666048,200,
15.41320001706481,200,
1.2476998381316662,200,
13.79840006120503,200,
15.401700045913458,200,
1.3105000834912062,200,
16.133799916133285,200,
14.7921999450773,200,
1.3001000043004751,200,
15.236000064760447,200,
13.923099962994456,200,
1.4531000051647425,200,
13.92420008778572,200,
15.461100032553077,200,
16.33889996446669,200,
16.348900040611625,200,
1.2753000482916832,200,
1.059599919244647,200,
1.0447001550346613,200,
17.235699808225036,200,
14.48839996010065,200,
28.804099885746837,200,
1.6600999515503645,200,
2.5595000479370356,200,
2.1403999999165535,200,
2.1756000351160765,200,
1.5598998870700598,200,
2.8107999823987484,200,
27.76270010508597,200,
28.718099929392338,200,
6.05809991247952,200,
26.545400032773614,200,
21.451500011608005,200,
3.3422999549657106,200,
3.836000105366111,200,
4.1096999775618315,200,
3.660700051113963,200,
2.1863000001758337,200,
20.880799973383546,200,
23.002099944278598,200,
2.0942999981343746,200,
12.623900081962347,200,
15.085199847817421,200,
2.035199897363782,200,
13.615800067782402,200,
15.389800071716309,200,
1.8804999999701977,200,
14.1032999381423,200,
16.45640004426241,200,
1.9394000992178917,200,
13.074799906462431,200,
14.99339984729886,200,
3.1788998749107122,200,
12.674899771809578,200,
15.93419979326427,200,
1.9062000792473555,200,
13.272600015625358,200,
15.609599882736802,200,
2.0807001274079084,200,
15.172500163316727,200,
13.424900127574801,200,
2.1314998157322407,200,
12.877099914476275,200,
15.063799917697906,200,
2.303399844095111,200,
12.96430011279881,200,
15.33149997703731,200,
2.225200179964304,200,
13.46830022521317,200,
16.129099996760488,200,
2.4685999378561974,200,
12.672399869188666,200,
15.206600073724985,200,
3.096400061622262,200,
3.1052001286298037,200,
2.0813001319766045,200,
11.09130005352199,200,
24.91770009510219,200,
16.28999994136393,200,
2.216799883171916,200,
15.081200050190091,200,
13.187600066885352,200,
1.9165000412613153,200,
13.00549996085465,200,
15.345699852332473,200,
15.949400141835213,200,
16.323399962857366,200,
2.1856999956071377,200,
13.103999895974994,200,
15.340899815782905,200,
15.826999908313155,200,
16.190500231459737,200,
17.742499941959977,200,
18.575699999928474,200,
2.353500109165907,200,
1.4213998802006245,200,
1.4410000294446945,200,
1.6158998478204012,200,
1.68859981931746,200,
12.158600147813559,200,
16.067399876192212,200,
20.236199954524636,200,
1.8073997925966978,200,
1.3695999514311552,200,
1.3788000214844942,200,
1.670599915087223,200,
1.5173000283539295,200,
1.4837998896837234,200,
1.7700998578220606,200,
14.724799897521734,200,
19.890099996700883,200,
16.75570011138916,200,
1.7713000997900963,200,
12.522999895736575,200,
14.282400021329522,200,
1.806100131943822,200,
14.311800012364984,200,
16.212299931794405,200,
1.469900133088231,200,
15.932699898257852,200,
14.493199996650219,200,
1.6169999726116657,200,
14.457399956882,200,
13.067200081422925,200,
1.5471000224351883,200,
14.371899887919426,200,
16.004599863663316,200,
1.7634001560509205,200,
1.7864999826997519,200,
1.876999856904149,200,
11.26910001039505,200,
13.101400109007955,200,
1.5609001275151968,200,
1.8013999797403812,200,
1.7490999307483435,200,
2.145000034943223,200,
1.5434001106768847,200,
10.658500017598271,200,
1.0164000559598207,200,
0.9961999021470547,200,
1.050200080499053,200,
0.9775001090019941,200,
1.235299976542592,200,
1.3251001946628094,200,
1.4134999364614487,200,
1.6654999926686287,200,
25.43459995649755,200,
1.138799823820591,200,
1.0399001184850931,200,
1.0766999330371618,200,
1.0783001780509949,200,
12.604100164026022,200,
23.459100164473057,200,
1.9425000064074993,200,
1.1924998834729195,200,
1.0966998524963856,200,
1.7368998378515244,200,
1.7461997922509909,200,
1.7828000709414482,200,
2.1357000805437565,200,
13.722999952733517,200,
1.289099920541048,200,
1.155399950221181,200,
18.55559996329248,200,
14.26459988579154,200,
2.589999930933118,200,
2.590400166809559,200,
1.8947001080960035,200,
12.169900117442012,200,
1.5851999633014202,200,
1.3011000119149685,200,
1.2384001165628433,200,
1.175000099465251,200,
1.4498999807983637,200,
1.0591000318527222,200,
26.046199956908822,200,
1.1809999123215675,200,
0.9890999644994736,200,
23.042599903419614,200,
13.307599816471338,200,
1.3136998750269413,200,
15.469900099560618,200,
14.144400134682655,200,
15.31839999370277,200,
15.3137999586761,200,
1.655499916523695,200,
22.04650011844933,200,
21.088700043037534,200,
8.1430000718683,200,
9.621699806302786,200,
4.640799947082996,200,
3.4811999648809433,200,
15.312599949538708,200,
23.367400048300624,200,
15.88890003040433,200,
1.4806999824941158,200,
14.066600007936358,200,
15.63720009289682,200,
14.84730001538992,200,
15.157799934968352,200,
15.214300015941262,200,
15.570199815556407,200,
14.998900005593896,200,
15.353000024333596,200,
14.984200010076165,200,
15.337600139901042,200,
15.35069989040494,200,
15.713100088760257,200,
16.020999988541007,200,
16.326599987223744,200,
1.253599999472499,200,
15.508699929341674,200,
14.23639990389347,200,
1.3864000793546438,200,
14.274700079113245,200,
15.772399958223104,200,
1.2832998763769865,200,
1.0446000378578901,200,
15.702300006523728,200,
13.660499826073647,200,
15.099700074642897,200,
15.172000043094158,200,
15.611599897965789,200,
15.555900055915117,200,
14.806699939072132,200,
15.22199995815754,200,
1.5194998122751713,200,
15.455000102519989,200,
13.726599980145693,200,
1.5477999113500118,200,
16.003299970179796,200,
14.664500020444393,200,
1.4819998759776354,200,
13.677800074219704,200,
15.17620007507503,200,
1.370500074699521,200,
14.608999947085977,200,
16.250000102445483,200,
1.4357001055032015,200,
12.684399960562587,200,
14.142500003799796,200,
1.5095998533070087,200,
13.664900092408061,200,
15.267299953848124,200,
15.09310002438724,200,
15.406100079417229,200,
1.3339999131858349,200,
13.849899871274829,200,
15.475699910894036,200,
1.3782999012619257,200,
15.40259993635118,200,
14.004499884322286,200,
15.197800006717443,200,
15.498300082981586,200,
1.3926001265645027,200,
14.87039984203875,200,
13.44669982790947,200,
1.7812000587582588,200,
15.154300024732947,200,
13.644299935549498,200,
15.06650005467236,200,
15.377799980342388,200,
2.2084000520408154,200,
2.255599945783615,200,
1.6360001172870398,200,
1.4390998985618353,200,
12.05600006505847,200,
16.09200006350875,200,
25.349099887534976,200,
15.498100081458688,200,
15.50390012562275,200,
15.856700018048286,200,
16.16750005632639,200,
15.582500025629997,200,
15.54680010303855,200,
1.386099960654974,200,
13.510699849575758,200,
15.230700140818954,200,
14.467099914327264,200,
15.191700076684356,200,
15.551099786534905,200,
16.57289988361299,200,
1.4287999365478754,200,
14.48130002245307,200,
16.265700105577707,200,
1.4160999562591314,200,
14.276300091296434,200,
15.726899961009622,200,
15.080200042575598,200,
15.053899958729744,200,
1.6199999954551458,200,
15.724599827080965,200,
14.540300006046891,200,
15.418700175359845,200,
15.324299922212958,200,
1.7398998606950045,200,
13.55410018004477,200,
15.273600118234754,200,
1.719099935144186,200,
13.403699966147542,200,
15.225299866870046,200,
15.328900190070271,200,
15.279700048267841,200,
1.5688999556005,200,
16.123299952596426,200,
14.850500039756298,200,
15.329499961808324,200,
15.34070004709065,200,
1.274599926546216,200,
15.830500051379204,200,
14.556699898093939,200,
14.573700027540326,200,
14.577500056475401,200,
1.307999948039651,200,
15.046800021082163,200,
13.689900049939752,200,
16.296499874442816,200,
17.144599929451942,200,
14.76089982315898,200,
15.524900052696466,200,
14.960999833419919,200,
15.264800051227212,200,
1.379899913445115,200,
14.31619981303811,200,
15.777199994772673,200,
1.1913999915122986,200,
1.0857000015676022,200,
1.0691999923437834,200,
1.0676998645067215,200,
14.387399889528751,200,
15.901400009170175,200,
25.751200038939714,200,
14.773700153455138,200,
15.06380015052855,200,
1.6651998739689589,200,
13.581000035628676,200,
15.271299984306097,200,
1.5254998579621315,200,
15.385499922558665,200,
13.850799994543195,200,
15.214199898764491,200,
15.616900054737926,200,
1.6473999712616205,200,
14.876100001856685,200,
13.5580999776721,200,
1.5942000318318605,200,
13.422399992123246,200,
15.373999951407313,200,
1.7898001242429018,200,
14.214199967682362,200,
16.047400189563632,200,
1.7082998529076576,200,
15.96580003388226,200,
14.251200016587973,200,
1.6343998722732067,200,
15.85340010933578,200,
14.269700041040778,200,
15.616499818861485,200,
15.636499971151352,200,
1.7727999947965145,200,
14.22070013359189,200,
12.753099901601672,200,
1.5393001958727837,200,
14.229099964722991,200,
12.948099989444017,200,
1.6672001220285892,200,
3.042500000447035,200,
2.3384999949485064,200,
2.2271000780165195,200,
2.1381000988185406,200,
2.122200094163418,200,
2.1379999816417694,200,
2.072500064969063,200,
2.1599000319838524,200,
2.237499924376607,200,
2.1488999482244253,200,
2.0820999052375555,200,
2.433900022879243,200,
2.63010011985898,200,
2.6712999679148197,200,
2.739100018516183,200,
2.3721999023109674,200,
2.150899963453412,200,
2.0896000787615776,200,
2.8583998791873455,200,
2.9238001443445683,200,
2.139100106433034,200,
2.0462998654693365,200,
1.9604999106377363,200,
1.9477000460028648,200,
2.1613999269902706,200,
2.5154000613838434,200,
2.488299971446395,200,
2.593100070953369,200,
2.7968999929726124,200,
2.4349000304937363,200,
2.0594000816345215,200,
1.9605997949838638,200,
1.9556998740881681,200,
1.954799983650446,200,
1.981999957934022,200,
1.9822998438030481,200,
1.9320000428706408,200,
1.9638000521808863,200,
1.972600119188428,200,
2.0314999856054783,200,
2.406100044026971,200,
1.5535999555140734,200,
3.037900198251009,200,
12.94609997421503,200,
13.206100091338158,200,
1.5747998841106892,200,
15.24870004504919,200,
13.902700040489435,200,
1.2728001456707716,200,
16.13919995725155,200,
14.865699922665954,200,
15.347399981692433,200,
15.339800156652927,200,
15.083899954333901,200,
15.10629989206791,200,
15.720899915322661,200,
16.109300078824162,200,
15.83839999511838,200,
16.20299997739494,200,
15.029100002720952,200,
15.397900016978383,200,
1.3532000593841076,200,
14.535199850797653,200,
15.897499863058329,200,
15.573100186884403,200,
15.948500018566847,200,
1.4442999381572008,200,
14.72410000860691,200,
16.182100167497993,200,
14.872400090098381,200,
15.192499849945307,200,
16.018100082874298,200,
16.065799864009023,200,
1.5517999418079853,200,
15.590999973937869,200,
14.115999918431044,200,
1.7955999355763197,200,
15.110600041225553,200,
13.30780005082488,200,
1.5891999937593937,200,
14.361900044605136,200,
12.663299916312099,200,
15.596099896356463,200,
15.930599998682737,200,
15.39819990284741,200,
15.438700094819069,200,
14.740200014784932,200,
14.819000149145722,200,
16.73940010368824,200,
17.174300039187074,200,
1.4140999410301447,200,
13.642100151628256,200,
15.053000068292022,200,
1.4594998210668564,200,
13.146100100129843,200,
14.866499928757548,200,
1.3395000714808702,200,
14.977300073951483,200,
16.153800068423152,200,
1.968099968507886,200,
1.9706999883055687,200,
13.802900211885571,200,
14.104400062933564,200,
15.583900036290288,200,
15.863100066781044,200,
1.317399786785245,200,
14.972100034356117,200,
16.614999854937196,200,
14.717200072482228,200,
15.271499985828996,200,
1.4060998801141977,200,
15.432100044563413,200,
14.639699831604958,200,
1.371599966660142,200,
13.171300059184432,200,
14.924400020390749,200,
15.078100143000484,200,
15.420399839058518,200,
15.159999951720238,200,
15.340199926868081,200,
15.413400018587708,200,
15.255599981173873,200,
1.7157001420855522,200,
15.129599953070283,200,
13.417899841442704,200,
1.5181000344455242,200,
13.507999945431948,200,
15.378199983388186,200,
1.6256999224424362,200,
13.65119987167418,200,
15.329699963331223,200,
1.7651000525802374,200,
14.947600197046995,200,
13.45740002579987,200,
1.5267999842762947,200,
13.399600051343441,200,
15.267299953848124,200,
1.6081000212579966,200,
13.563900021836162,200,
15.571699943393469,200,
15.288899885490537,200,
15.22810012102127,200,
1.6975000035017729,200,
15.099799958989024,200,
13.66950012743473,200,
1.6624999698251486,200,
15.299799852073193,200,
13.783699832856655,200,
15.44740004464984,200,
16.153099946677685,200,
14.667599927634,200,
15.266199829056859,200,
1.549700042232871,200,
13.287700014188886,200,
15.184400137513876,200,
15.12600015848875,200,
15.153499785810709,200,
15.207499964162707,200,
15.619899844750762,200,
16.102799912914634,200,
16.47239993326366,200,
1.7399999778717756,200,
14.011899940669537,200,
12.56509986706078,200,
14.952900120988488,200,
15.314599964767694,200,
1.6020999755710363,200,
14.985499903559685,200,
13.691900065168738,200,
15.567700145766139,200,
15.591799980029464,200,
1.8042000010609627,200,
13.411300024017692,200,
15.311399940401316,200,
1.630599843338132,200,
14.914599945768714,200,
13.703899923712015,200,
1.746299909427762,200,
13.326199958100915,200,
15.582300024107099,200,
16.524000093340874,200,
16.928500030189753,200,
2.1963000763207674,200,
2.5154000613838434,200,
2.2006002254784107,200,
2.516200067475438,200,
1.841900171712041,200,
1.842200057581067,200,
1.8432000651955605,200,
1.8140000756829977,200,
1.5885999891906977,200,
2.1764999255537987,200,
1.4678000006824732,200,
1.7880999948829412,200,
1.9398999866098166,200,
1.7200000584125519,200,
1.7933000344783068,200,
2.0868999417871237,200,
2.7854000218212605,200,
2.3769999388605356,200,
1.7394998576492071,200,
2.179899951443076,200,
1.7359999474138021,200,
1.998899970203638,200,
1.342700095847249,200,
1.6641998663544655,200,
1.6435999423265457,200,
1.9708999898284674,200,
1.7425999976694584,200,
1.7504999414086342,200,
1.9488998223096132,200,
1.9745000172406435,200,
1.574499998241663,200,
1.8875000532716513,200,
1.4325999654829502,200,
1.6501001082360744,200,
1.7100998666137457,200,
2.0213001407682896,200,
1.707599963992834,200,
1.5410000924021006,200,
22.83879998140037,200,
22.569000022485852,200,
1.425500027835369,200,
1.161100110039115,200,
13.787599978968501,200,
16.47219993174076,200,
1.9936999306082726,200,
2.672799862921238,200,
2.1080998703837395,200,
2.082700142636895,200,
3.961400128901005,200,
4.179100040346384,200,
2.2856998257339,200,
2.098600147292018,200,
1.9004999194294214,200,
1.8008002080023289,200,
1.8184001091867685,200,
1.856599934399128,200,
1.616000197827816,200,
1.7332998104393482,200,
14.027600176632404,200,
13.639699900522828,200,
1.7621999140828848,200,
2.0885998383164406,200,
1.866400009021163,200,
1.9220998510718346,200,
1.7568001057952642,200,
1.8846001476049423,200,
1.2483999598771334,200,
1.2042999733239412,200,
1.6298999544233084,200,
1.8780999816954136,200,
18.642199924215674,200,
25.61110001988709,200,
1.3136998750269413,200,
17.55069987848401,200,
16.34670002385974,200,
15.18350001424551,200,
15.146799851208925,200,
15.128399943932891,200,
15.225299866870046,200,
2.3487999569624662,200,
12.606800068169832,200,
15.017800033092499,200,
15.436699846759439,200,
15.389800071716309,200,
2.8554999735206366,200,
2.0989999175071716,200,
13.728199992328882,200,
25.003999937325716,200,
16.267400002107024,200,
2.4747999850660563,200,
12.564399978145957,200,
15.172600047662854,200,
15.215700026601553,200,
15.150800114497542,200,
15.851499978452921,200,
16.27290016040206,200,
2.3004000540822744,200,
12.556999921798706,200,
15.328000066801906,200,
15.698999864980578,200,
16.108999960124493,200,
2.4232000578194857,200,
15.08269994519651,200,
13.025199994444847,200,
2.4809001479297876,200,
12.616699794307351,200,
15.148699982091784,200,
15.398100018501282,200,
15.410100109875202,200,
14.570999890565872,200,
15.033800154924393,200,
2.5863000191748142,200,
12.676900019869208,200,
15.31850011087954,200,
2.49510002322495,200,
12.431300012394786,200,
15.406799968332052,200,
2.6409998536109924,200,
14.833600027486682,200,
12.531599961221218,200,
5.238400073722005,200,
5.259299883618951,200,
2.307899994775653,200,
22.43010001257062,200,
25.179199874401093,200,
15.52130002528429,200,
15.507400035858154,200,
1.319799805060029,200,
13.702400028705597,200,
15.371199930086732,200,
15.019099926576018,200,
15.020500170066953,200,
1.2900999281555414,200,
16.26629987731576,200,
14.968500006943941,200,
1.2789999600499868,200,
14.196299947798252,200,
15.482400078326464,200,
1.248599961400032,200,
14.384299982339144,200,
16.00429997779429,200,
1.356600085273385,200,
14.567299978807569,200,
15.938400058075786,200,
15.174299944192171,200,
15.155399916693568,200,
1.4430000446736813,200,
14.36559995636344,200,
15.858199913054705,200,
1.5423998702317476,200,
2.5025999639183283,200,
2.176000038161874,200,
2.1240999922156334,200,
2.0798000041395426,200,
2.082499908283353,200,
2.0429000724107027,200,
2.064900007098913,200,
2.0861001685261726,200,
2.1599000319838524,200,
2.112099900841713,200,
2.156500006094575,200,
2.8342001605778933,200,
2.9738000594079494,200,
3.308500163257122,200,
3.15140001475811,200,
2.2090000566095114,200,
2.0457999780774117,200,
2.0279998425394297,200,
2.0292000845074654,200,
1.72149995341897,200,
2.87580001167953,200,
20.41919995099306,200,
20.73360001668334,200,
2.531199948862195,200,
2.917500212788582,200,
12.887799879536033,200,
12.90480000898242,200,
1.6804998740553856,200,
13.430400053039193,200,
15.163100091740489,200,
15.610700007528067,200,
16.000699950382113,200,
1.690099947154522,200,
14.587000012397766,200,
13.209600001573563,200,
16.00979990325868,200,
16.00140007212758,200,
15.348699875175953,200,
15.423699980601668,200,
1.2455000542104244,200,
13.805099995806813,200,
15.027000103145838,200,
1.297099981456995,200,
1.0333999525755644,200,
1.0148999281227589,200,
1.9036999437958002,200,
1.0613000486046076,200,
1.0267000179737806,200,
1.0476999450474977,200,
1.4682000037282705,200,
15.73910005390644,200,
1.1310998816043139,200,
1.04790017940104,200,
1.0120999068021774,200,
1.0019000619649887,200,
1.123799942433834,200,
1.0220999829471111,200,
1.004599966108799,200,
0.9889001958072186,200,
1.0185998398810625,200,
1.5124999918043613,200,
20.369600038975477,200,
1.1383001692593098,200,
1.0073999874293804,200,
1.0498999617993832,200,
1.0079999919980764,200,
1.1518001556396484,200,
1.0571000166237354,200,
1.0079999919980764,200,
0.9972997941076756,200,
1.0112999007105827,200,
0.9724998380988836,200,
1.4774000737816095,200,
20.00169991515577,200,
19.65210004709661,200,
15.816499944776297,200,
1.387899974361062,200,
1.0341000743210316,200,
12.171000009402633,200,
15.00730006955564,200,
16.379799926653504,200,
16.360099893063307,200,
14.36890009790659,200,
14.692099997773767,200,
1.6203999985009432,200,
15.424600103870034,200,
14.056999934837222,200,
15.367500018328428,200,
15.388499945402145,200,
14.940999913960695,200,
15.30790003016591,200,
15.15819993801415,200,
15.537500148639083,200,
1.6322999726980925,200,
15.265499940142035,200,
13.64249992184341,200,
15.338100027292967,200,
15.940699959173799,200,
1.6455999575555325,200,
15.369400149211287,200,
14.233199879527092,200,
1.6346999909728765,200,
14.137400081381202,200,
16.20099996216595,200,
15.444299904629588,200,
15.435799956321716,200,
1.4453001786023378,200,
13.67669994942844,200,
15.541400061920285,200,
1.7307999078184366,200,
12.969500152394176,200,
15.162399969995022,200,
1.8259999342262745,200,
13.15479981712997,200,
15.391099965199828,200,
16.71839994378388,200,
16.728500137105584,200,
13.603399973362684,200,
13.924299972131848,200,
1.8849000334739685,200,
13.395099900662899,200,
15.432300046086311,200,
1.8364000134170055,200,
2.3505999706685543,200,
1.9781000446528196,200,
1.7852999735623598,200,
2.176000038161874,200,
12.757600052282214,200,
15.446800040081143,200,
22.132700076326728,200,
14.568200102075934,200,
14.968500006943941,200,
15.994600020349026,200,
15.95110003836453,200,
1.538099953904748,200,
13.943900121375918,200,
15.886399894952774,200,
1.5759998932480812,200,
13.774400111287832,200,
15.744599979370832,200,
1.5799000393599272,200,
15.371199930086732,200,
13.745599891990423,200,
1.2510998640209436,200,
14.673000201582909,200,
13.776399893686175,200,
15.480299945920706,200,
15.864599961787462,200,
1.513900002464652,200,
15.345399966463447,200,
13.837200123816729,200,
15.247399918735027,200,
17.94690010137856,200,
4.547599935904145,200,
4.224600037559867,200,
2.6654000394046307,200,
1.6141999512910843,200,
22.912200074642897,200,
24.874299997463822,200,
3.0888000037521124,200,
3.213499905541539,200,
3.0186998192220926,200,
3.53970006108284,200,
2.3785000666975975,200,
2.707199892029166,200,
2.933500101789832,200,
3.013799898326397,200,
17.644899897277355,200,
17.992000095546246,200,
1.5134999994188547,200,
15.641199890524149,200,
14.022100018337369,200,
1.3345000334084034,200,
14.747400069609284,200,
16.12920011393726,200,
15.684700105339289,200,
15.991199994459748,200,
16.067400109022856,200,
16.084699891507626,200,
1.2691000010818243,200,
15.461199916899204,200,
14.17719991877675,200,
1.2481999583542347,200,
15.190200181677938,200,
14.236500021070242,200,
14.79359995573759,200,
15.102900099009275,200,
16.567799961194396,200,
16.879000002518296,200,
1.3089000713080168,200,
14.94950009509921,200,
13.623799895867705,200,
1.3406998477876186,200,
13.887600041925907,200,
15.526500064879656,200,
1.686600036919117,200,
15.856199897825718,200,
14.181299833580852,200,
15.010899864137173,200,
15.318100107833743,200,
1.61909987218678,200,
13.314099982380867,200,
15.032900031656027,200,
15.519900014624,200,
15.856700018048286,200,
14.881599927321076,200,
15.23100002668798,200,
15.429200138896704,200,
15.395399881526828,200,
1.613300060853362,200,
15.08549996651709,200,
13.43639986589551,200,
1.7081999685615301,200,
14.88719996996224,200,
13.456200016662478,200,
1.6266999300569296,200,
15.897100092843175,200,
14.239699812605977,200,
1.6052001155912876,200,
15.622199978679419,200,
14.03550012037158,200,
1.6419999301433563,200,
15.000700019299984,200,
13.690799940377474,200,
1.6393999103456736,200,
13.329300098121166,200,
15.316999983042479,200,
1.909000100567937,200,
3.1839997973293066,200,
2.790299942716956,200,
3.270499873906374,200,
2.0169999916106462,200,
23.739000083878636,200,
23.768599843606353,200,
14.963499968871474,200,
15.276100020855665,200,
1.8811000045388937,200,
13.117800001055002,200,
15.394799876958132,200,
15.286199981346726,200,
15.23369993083179,200,
15.192999970167875,200,
15.217999927699566,200,
1.6732001677155495,200,
15.242099994793534,200,
13.584499945864081,200,
1.645500073209405,200,
13.409500010311604,200,
15.108400024473667,200,
1.5986999496817589,200,
14.835899928584695,200,
13.62759992480278,200,
15.490399906411767,200,
15.493999933823943,200,
1.556500094011426,200,
14.56120004877448,200,
16.16399991326034,200,
1.5974999405443668,200,
15.379399992525578,200,
16.96730009280145,200,
13.447799952700734,200,
13.786399969831109,200,
1.9694000948220491,200,
15.794700011610985,200,
14.130400028079748,200,
2.1133997943252325,200,
15.22899977862835,200,
13.45600001513958,200,
15.283300075680017,200,
15.664400067180395,200,
1.7788999248296022,200,
14.958000043407083,200,
13.148300116881728,200,
1.7430000007152557,200,
15.202200040221214,200,
13.422700110822916,200,
15.23809996433556,200,
15.240399865433574,200,
1.6303998418152332,200,
13.202799949795008,200,
15.245500020682812,200,
14.908500015735626,200,
15.281799947842956,200,
1.6391000244766474,200,
15.253500081598759,200,
13.591299997642636,200,
14.937300002202392,200,
15.254399972036481,200,
1.6030999831855297,200,
15.405399957671762,200,
13.772200094535947,200,
1.5875000972300768,200,
16.31570002064109,200,
14.694300014525652,200,
14.832699904218316,200,
15.163900097832084,200,
1.9775000400841236,200,
15.144099947065115,200,
13.525999849662185,200,
16.28969982266426,200,
16.187000088393688,200,
2.018400002270937,200,
12.761400081217289,200,
15.269999857991934,200,
2.170899882912636,200,
13.647499959915876,200,
16.34670002385974,200,
3.2253998797386885,200,
3.207300091162324,200,
2.674400107935071,200,
3.079300047829747,200,
1.8211000133305788,200,
2.1937000565230846,200,
1.4122999273240566,200,
1.7724998760968447,200,
1.6018999740481377,200,
1.911400118842721,200,
2.0093999337404966,200,
1.9284998998045921,200,
1.8684000242501497,200,
1.7113001085817814,200,
1.667700009420514,200,
1.942700007930398,200,
2.3129000328481197,200,
12.444599997252226,200,
14.216199982911348,200,
2.59020016528666,200,
2.593100070953369,200,
2.600400010123849,200,
2.7269001584500074,200,
3.8032999727874994,200,
3.8153999485075474,200,
1.5222998335957527,200,
22.335599875077605,200,
20.76009986922145,200,
1.7220999579876661,200,
1.9527000840753317,200,
1.7609000205993652,200,
1.9245001021772623,200,
1.899499911814928,200,
1.8029001075774431,200,
1.7391000874340534,200,
2.006599912419915,200,
1.6564999241381884,200,
1.6389000229537487,200,
1.4009000733494759,200,
1.7260999884456396,200,
1.703399932011962,200,
2.0580999553203583,200,
1.354999840259552,200,
1.6659998800605536,200,
1.3997999485582113,200,
1.6642000991851091,200,
1.647300086915493,200,
1.8714000470936298,200,
1.526599982753396,200,
1.797799952328205,200,
2.1998998709023,200,
2.50509986653924,200,
1.5002998989075422,200,
24.650700157508254,200,
23.04370002821088,200,
14.761799946427345,200,
15.529799973592162,200,
15.92579996213317,200,
16.918000066652894,200,
1.904900185763836,200,
1.9258998800069094,200,
1.19420001283288,200,
1.7146000172942877,200,
1.3757001142948866,200,
1.047800062224269,200,
1.0027000680565834,200,
0.8870000019669533,200,
0.9687000419944525,200,
1.079200068488717,200,
1.1128999758511782,200,
1.4053999911993742,200,
1.251300098374486,200,
10.721500031650066,200,
1.4165998436510563,200,
1.3317998964339495,200,
1.344099873676896,200,
1.3098998460918665,200,
1.3107999693602324,200,
1.2992999982088804,200,
1.2539001181721687,200,
1.2515999842435122,200,
1.2874000240117311,200,
1.2968000955879688,200,
1.3113999739289284,200,
1.304500037804246,200,
1.3181001413613558,200,
1.341099850833416,200,
1.2706001289188862,200,
1.3384001795202494,200,
1.6304000746458769,200,
1.7178000416606665,200,
1.5031001530587673,200,
1.7378998454660177,200,
1.3805001508444548,200,
1.08149996958673,200,
1.0287999175488949,200,
0.9963999036699533,200,
0.9598999749869108,200,
1.8672000151127577,200,
1.0065999813377857,200,
0.9781999979168177,200,
0.9610999841243029,200,
18.19150010123849,200,
22.71150005981326,200,
16.228500055149198,200,
1.770900096744299,200,
1.6896999441087246,200,
1.5071001835167408,200,
1.7432000022381544,200,
1.4772999566048384,200,
1.727700000628829,200,
26.47899999283254,200,
26.732099941000342,200,
1.667700009420514,200,
14.82939999550581,200,
13.471500016748905,200,
2.0984001457691193,200,
2.100100042298436,200,
1.6857997979968786,200,
12.317599961534142,200,
15.919999917969108,200,
26.52980014681816,200,
15.328400069847703,200,
15.603500185534358,200,
1.4736000448465347,200,
13.437299989163876,200,
14.993600081652403,200,
15.327900182455778,200,
15.29160002246499,200,
1.2451999355107546,200,
16.052300110459328,200,
14.776800060644746,200,
1.2662000954151154,200,
13.701200019568205,200,
15.325099928304553,200,
15.377000207081437,200,
15.384800033643842,200,
1.329599879682064,200,
15.177899971604347,200,
14.197099953889847,200,
16.225799918174744,200,
16.53759996406734,200,
1.359499990940094,200,
15.122999902814627,200,
13.763399794697762,200,
1.5988999512046576,200,
14.741600025445223,200,
13.467299984768033,200,
15.692499931901693,200,
15.663899946957827,200,
15.398700023069978,200,
15.407399972900748,200,
15.1186001021415,200,
15.174699947237968,200,
1.4909000601619482,200,
1.395300030708313,200,
12.321399990469217,200,
15.28719998896122,200,
1.2864000163972378,200,
13.653399888426065,200,
15.232899924740195,200,
1.3671999331563711,200,
13.898100005462766,200,
15.282800188288093,200,
1.361799892038107,200,
14.549399958923459,200,
16.166399931535125,200,
15.049400040879846,200,
16.12600008957088,200,
1.2244000099599361,200,
15.018299920484424,200,
16.554699977859855,200,
1.3001000043004751,200,
13.643699930980802,200,
15.255599981173873,200,
1.3095999602228403,200,
13.435399858281016,200,
15.049099922180176,200,
1.2815999798476696,200,
16.376500017940998,200,
15.11829998344183,200,
14.872999861836433,200,
14.845999889075756,200,
1.5052000526338816,200,
14.526099897921085,200,
13.291499810293317,200,
15.600500162690878,200,
15.94489999115467,200,
1.8524001352488995,200,
13.090800028294325,200,
15.030399896204472,200,
1.6701000276952982,200,
15.436999965459108,200,
13.735400047153234,200,
1.7282001208513975,200,
15.121199889108539,200,
13.310400070622563,200,
1.3258999679237604,200,
13.738000066950917,200,
15.40689985267818,200,
15.1229000184685,200,
15.448799822479486,200,
1.412099925801158,200,
13.482099864631891,200,
15.269200084730983,200,
15.022600069642067,200,
15.336700016632676,200,
1.4597999397665262,200,
13.477199943736196,200,
15.268499962985516,200,
15.707100043073297,200,
15.71980002336204,200,
1.433999976143241,200,
13.399400049820542,200,
14.844200108200312,200,
1.7210000660270452,200,
1.1759998742491007,200,
14.93920013308525,200,
12.290799990296364,200,
1.7697999719530344,200,
15.760400099679828,200,
13.994799926877022,200,
1.5048999339342117,200,
14.872699975967407,200,
13.39049986563623,200,
1.4927999582141638,200,
15.282799955457449,200,
14.068700140342116,200,
1.4690000098198652,200,
13.734000036492944,200,
15.243399888277054,200,
1.3332001399248838,200,
15.377999981865287,200,
14.087499817833304,200,
14.919199980795383,200,
15.30619990080595,200,
15.292499912902713,200,
15.647399937734008,200,
1.3371999375522137,200,
15.090200118720531,200,
13.720700051635504,200,
15.965700149536133,200,
15.954099828377366,200,
1.3417000882327557,200,
14.407600043341517,200,
13.274200027808547,200,
16.764499945566058,200,
16.631099861115217,200,
1.7313000280410051,200,
2.092299982905388,200,
1.2759999372065067,200,
1.0343999601900578,200,
12.063199887052178,200,
16.012099804356694,200,
26.17049985565245,200,
15.0564000941813,200,
15.085899969562888,200,
1.5777000226080418,200,
14.92420001886785,200,
13.597199926152825,200,
1.47280003875494,200,
2.848499920219183,200,
2.80630006454885,200,
3.411300014704466,200,
2.9337999876588583,200,
2.170500112697482,200,
2.024600049480796,200,
2.0746001973748207,200,
2.6310000102967024,200,
1.6695000231266022,200,
1.1118999682366848,200,
18.83559999987483,200,
20.035200053825974,200,
1.4092999044805765,200,
13.259799918159842,200,
14.702699845656753,200,
1.2843001168221235,200,
14.009099919348955,200,
15.578499995172024,200,
1.4168000780045986,200,
15.955100068822503,200,
14.808699954301119,200,
1.2986999936401844,200,
14.054299797862768,200,
15.694099944084883,200,
1.5783999115228653,200,
15.442600008100271,200,
14.148500049486756,200,
1.501200022175908,200,
13.463599840179086,200,
15.372199937701225,200,
1.675100065767765,200,
15.800100052729249,200,
14.433200005441904,200,
15.903400024399161,200,
15.856300015002489,200,
1.388499978929758,200,
14.569600112736225,200,
16.048000194132328,200,
16.185899963602424,200,
16.273000044748187,200,
14.842899981886148,200,
15.224099857732654,200,
14.876600122079253,200,
14.88020014949143,200,
2.0142998546361923,200,
2.2848001681268215,200,
1.5568998642265797,200,
2.5483998470008373,200,
2.2406999487429857,200,
2.2225999273359776,200,
2.2279999684542418,200,
2.200499875470996,200,
2.087899949401617,200,
2.1277000196278095,200,
2.010500058531761,200,
2.822000067681074,200,
4.151699831709266,200,
2.5206999853253365,200,
1.4667001087218523,200,
16.28590002655983,200,
17.789300065487623,200,
12.260900111868978,200,
12.252100044861436,200,
15.206800075247884,200,
15.566499903798103,200,
14.974900055676699,200,
15.378500102087855,200,
14.976999955251813,200,
15.319899888709188,200,
15.309100039303303,200,
15.325200045481324,200,
1.3273998629301786,200,
15.974899986758828,200,
14.624900184571743,200,
1.4782000798732042,200,
13.741000089794397,200,
15.285600209608674,200,
15.302000101655722,200,
15.266000060364604,200,
1.437499886378646,200,
15.014400007203221,200,
13.969300081953406,200,
15.293100150302052,200,
15.827300027012825,200,
1.3621998950839043,200,
15.070199966430664,200,
13.64880008623004,200,
15.94159984961152,200,
16.29619998857379,200,
1.7001999076455832,200,
15.529500087723136,200,
13.810800155624747,200,
1.6010000836104155,200,
15.098099829629064,200,
13.740700203925371,200,
1.5954000409692526,200,
1.8587999511510134,200,
3.853699890896678,200,
11.416899971663952,200,
11.3944998010993,200,
15.281699830666184,200,
15.609399881213903,200,
1.5488998033106327,200,
15.085599850863218,200,
13.801699969917536,200,
1.6280000563710928,200,
15.167000005021691,200,
13.80870002321899,200,
15.803799964487553,200,
16.085400013253093,200,
15.322299906983972,200,
15.5904998537153,200,
1.5690999571233988,200,
13.549800030887127,200,
15.17609995789826,200,
1.5367998275905848,200,
15.944600105285645,200,
14.655299950391054,200,
1.501200022175908,200,
15.36409999243915,200,
14.106400078162551,200,
15.15230000950396,200,
15.505400020629168,200,
14.831200009211898,200,
15.233000041916966,200,
16.246099956333637,200,
16.593500040471554,200,
2.07320018671453,200,
11.772900121286511,200,
14.071699930354953,200,
1.8201000057160854,200,
13.571599964052439,200,
15.256599988788366,200,
1.424900023266673,200,
13.653000118210912,200,
15.37470007315278,200,
1.3256000820547342,200,
13.728199992328882,200,
15.388699946925044,200,
14.959100168198347,200,
15.281599946320057,200,
1.398199936375022,200,
13.708899961784482,200,
15.46039991080761,200,
15.949100023135543,200,
15.963099896907806,200,
15.092900022864342,200,
15.437799971550703,200,
1.5966999344527721,200,
14.359400141984224,200,
16.058199806138873,200,
1.4708000235259533,200,
15.246599912643433,200,
14.11959994584322,200,
15.61170001514256,200,
16.482300125062466,200,
13.643399812281132,200,
14.820999931544065,200,
1.6075000166893005,200,
15.125200152397156,200,
13.4680001065135,200,
15.622499864548445,200,
15.963600017130375,200,
15.11659985408187,200,
15.127700055018067,200,
15.43679996393621,200,
15.410299878567457,200,
1.5610000118613243,200,
15.110000036656857,200,
13.524299953132868,200,
1.6292000655084848,200,
13.526999857276678,200,
15.182700008153915,200,
1.573400106281042,200,
13.412600150331855,200,
15.331899980083108,200,
1.6636999789625406,200,
13.915299903601408,200,
15.995900146663189,200,
1.250100089237094,200,
13.842899817973375,200,
15.116499969735742,200,
15.46080014668405,200,
15.537899918854237,200,
15.405999962240458,200,
15.376999974250793,200,
15.913000097498298,200,
16.00409997627139,200,
14.602900017052889,200,
14.662800123915076,200,
1.8898998387157917,200,
15.034199925139546,200,
13.526199851185083,200,
2.0085000433027744,200,
14.658499974757433,200,
13.366900151595473,200,
3.415000159293413,200,
3.727999981492758,200,
2.2165998816490173,200,
3.7437998689711094,200,
1.7799001652747393,200,
3.3764000982046127,200,
1.3686998281627893,200,
1.1253999546170235,200,
1.2572999112308025,200,
1.2862998992204666,200,
1.1885000858455896,200,
1.1720999609678984,200,
1.5587001107633114,200,
20.567100029438734,200,
15.49709984101355,200,
27.187899919226766,200,
1.9585001282393932,200,
1.9683998543769121,200,
1.460299827158451,200,
1.7365000676363707,200,
2.3298999294638634,200,
2.4022001307457685,200,
2.3407998960465193,200,
2.404299797490239,200,
1.5804998110979795,200,
20.79330012202263,200,
22.352600004523993,200,
1.267799874767661,200,
0.9934999980032444,200,
1.0724000167101622,200,
1.009899890050292,200,
1.0789998341351748,200,
0.9439999703317881,200,
14.914999948814511,200,
1.321899937465787,200,
1.189099857583642,200,
1.1569000780582428,200,
1.226099906489253,200,
1.2942999601364136,200,
0.9377000387758017,200,
0.9568999521434307,200,
1.4283000491559505,200,
24.198200087994337,200,
16.346599906682968,200,
22.517799865454435,200,
15.171200037002563,200,
15.536299906671047,200,
1.5974000561982393,200,
1.940299989655614,200,
1.4073001220822334,200,
1.7095999792218208,200,
1.925300108268857,200,
1.9523000810295343,200,
26.326300110667944,200,
26.41290007159114,200,
15.406999969854951,200,
15.762099996209145,200,
1.5788997989147902,200,
15.435599954798818,200,
14.097200008109212,200,
1.6258000396192074,200,
15.592499868944287,200,
13.943199999630451,200,
1.6552999150007963,200,
14.823400182649493,200,
13.392399996519089,200,
15.433199936524034,200,
15.7107999548316,200,
1.425999915227294,200,
13.571699848398566,200,
15.35540004260838,200,
16.187000088393688,200,
16.529100015759468,200,
1.5122999902814627,200,
12.521600117906928,200,
14.374899910762906,200,
1.621800009161234,200,
13.653300004079938,200,
15.322200022637844,200,
15.031300019472837,200,
15.323099913075566,200,
1.6698997933417559,200,
13.599300058558583,200,
15.375500079244375,200,
1.5003001317381859,200,
15.39929979480803,200,
13.859299942851067,200,
1.541699981316924,200,
14.651000034064054,200,
16.188399866223335,200,
15.166500117629766,200,
15.477400040253997,200,
1.7236999701708555,200,
2.8894999995827675,200,
2.5561999063938856,200,
2.579099964350462,200,
2.6008998975157738,200,
2.512899925932288,200,
2.4643000215291977,200,
2.4643000215291977,200,
2.442300086840987,200,
2.544399816542864,200,
2.7695000171661377,200,
3.04169999435544,200,
3.245400032028556,200,
2.886399859562516,200,
2.451500156894326,200,
2.377500059083104,200,
2.4654001463204622,200,
2.7045998722314835,200,
1.7673999536782503,200,
21.402900107204914,200,
22.080399794504046,200,
1.7399000935256481,200,
13.715100008994341,200,
15.4853998683393,200,
15.148299979045987,200,
15.501199988648295,200,
1.2932000681757927,200,
14.958299929276109,200,
13.658999931067228,200,
1.2621998321264982,200,
14.934699982404709,200,
13.960199896246195,200,
1.2727000284940004,200,
13.80409998819232,200,
15.359300188720226,200,
1.2969998642802238,200,
16.144599998369813,200,
14.802699908614159,200,
1.4417001511901617,200,
14.539400115609169,200,
16.13849983550608,200,
15.493100043386221,200,
15.837899874895811,200,
14.748299960047007,200,
15.057099983096123,200,
1.312799984589219,200,
14.582099858671427,200,
16.215699957683682,200,
14.864499913528562,200,
14.933000085875392,200,
16.354799969121814,200,
16.776700038462877,200,
2.3320000618696213,200,
2.3880000226199627,200,
1.3719999697059393,200,
26.54109988361597,200,
25.60459985397756,200,
3.4282999113202095,200,
3.3749998547136784,200,
2.8939000330865383,200,
2.8710998594760895,200,
23.701600031927228,200,
24.072499945759773,200,
15.587199945002794,200,
15.978800132870674,200,
14.792799949645996,200,
15.179400099441409,200,
15.89459995739162,200,
15.900200000032783,200,
15.346900094300508,200,
15.604300191625953,200,
1.4303999487310648,200,
15.827699797227979,200,
14.626499963924289,200,
1.4367999974638224,200,
14.013199834153056,200,
15.48239984549582,200,
1.4319999609142542,200,
13.731000013649464,200,
15.247999923303723,200,
15.471299877390265,200,
15.834999969229102,200,
15.130100073292851,200,
15.54080005735159,200,
14.761899830773473,200,
15.150800114497542,200,
2.2523999214172363,200,
2.3590000346302986,200,
1.233300194144249,200,
1.0701999999582767,200,
1.1205000337213278,200,
1.0587999131530523,200,
1.0326998308300972,200,
1.1272002011537552,200,
1.0840999893844128,200,
1.0657000821083784,200,
0.9949998930096626,200,
0.9763999842107296,200,
1.2146998196840286,200,
13.605999993160367,200,
14.771699905395508,200,
16.102799912914634,200,
14.766699867323041,200,
15.166499884799123,200,
1.435799989849329,200,
15.084200073033571,200,
14.09760001115501,200,
1.5019001439213753,200,
13.360599987208843,200,
14.691400108858943,200,
1.8287000712007284,200,
1.8280998338013887,200,
1.1370000429451466,200,
12.333099963143468,200,
13.502900023013353,200,
1.2701000086963177,200,
14.903400093317032,200,
16.528300009667873,200,
1.2481000740081072,200,
13.72870011255145,200,
15.323600033298135,200,
15.894999960437417,200,
16.23809989541769,200,
1.5034000389277935,200,
13.131200103089213,200,
14.683200046420097,200,
1.2765999417752028,200,
13.953000074252486,200,
15.219899825751781,200,
1.501200022175908,200,
14.908400131389499,200,
13.70769995264709,200,
15.8547000028193,200,
15.817000064998865,200,
14.907399890944362,200,
15.002100029960275,200,
1.5003001317381859,200,
13.700499897822738,200,
15.585899818688631,200,
14.944300055503845,200,
15.305399894714355,200,
1.4958998654037714,200,
15.103699872270226,200,
13.586499961093068,200,
14.970200136303902,200,
14.987299917265773,200,
1.452400116249919,200,
13.679200084879994,200,
15.138100134208798,200,
16.438599908724427,200,
16.46179985255003,200,
1.2758001685142517,200,
15.377799980342388,200,
14.125199988484383,200,
16.088400036096573,200,
16.075299819931388,200,
15.871500130742788,200,
16.254000132903457,200,
1.6040001064538956,200,
14.328599907457829,200,
15.939700184389949,200,
1.9423998892307281,200,
2.215899992734194,200,
2.3100997786968946,200,
2.4507001508027315,200,
1.9684999715536833,200,
1.9485000520944595,200,
2.0256000570952892,200,
2.4714001920074224,200,
2.372399903833866,200,
2.378900069743395,200,
23.474100045859814,200,
23.688700050115585,200,
3.829900175333023,200,
12.348199961706996,200,
15.94349998049438,200,
25.079599814489484,200,
2.5927999522536993,200,
12.56730011664331,200,
15.233000041916966,200,
2.4846000596880913,200,
12.275399873033166,200,
15.262699918821454,200,
15.117299975827336,200,
15.537800034508109,200,
2.208000048995018,200,
15.2942999266088,200,
13.03509995341301,200,
2.117999829351902,200,
15.083299949765205,200,
12.90640002116561,200,
15.151900006458163,200,
15.169200021773577,200,
16.343400115147233,200,
16.33879984728992,200,
14.408700168132782,200,
14.83069988898933,200,
15.937400050461292,200,
16.35379996150732,200,
2.486299956217408,200,
14.916800195351243,200,
12.803300051018596,200,
2.470900071784854,200,
15.091300010681152,200,
13.001900166273117,200,
2.2058000322431326,200,
12.690899893641472,200,
15.390100190415978,200,
2.377200173214078,200,
14.757599914446473,200,
12.316799955442548,200,
15.339899808168411,200,
15.3633002191782,200,
2.7807001024484634,200,
14.98530013486743,200,
12.585199903696775,200,
2.435399917885661,200,
15.021400060504675,200,
12.532899854704738,200,
2.260100096464157,200,
12.638800079002976,200,
15.3912000823766,200,
15.437599970027804,200,
15.436199959367514,200,
2.393400063738227,200,
12.45559984818101,200,
14.908500015735626,200,
15.055600088089705,200,
15.053499955683947,200,
16.129700001329184,200,
16.144599998369813,200,
2.5110000278800726,200,
12.638899963349104,200,
15.199300134554505,200,
2.4455999955534935,200,
15.764799900352955,200,
13.68300011381507,200,
2.2144000977277756,200,
12.91319984011352,200,
15.60269994661212,200,
14.92310012690723,200,
14.924600021913648,200,
14.91489983163774,200,
15.347599983215332,200,
15.246700029820204,200,
15.689499909058213,200,
2.8142998926341534,200,
15.764599898830056,200,
13.310899958014488,200,
15.23860008455813,200,
15.247399918735027,200,
2.4379000533372164,200,
15.27560013346374,200,
12.778599979355931,200,
2.7040999848395586,200,
3.0958999413996935,200,
11.582599952816963,200,
26.941200019791722,200,
16.10510004684329,200,
15.842099906876683,200,
16.270100139081478,200,
2.465900033712387,200,
14.8586998693645,200,
12.759899953380227,200,
17.10159983485937,200,
17.518000211566687,200,
13.75499996356666,200,
14.168000081554055,200,
2.241699956357479,200,
12.88120006211102,200,
15.59840003028512,200,
15.867499867454171,200,
16.37480012141168,200,
2.2483000066131353,200,
14.86469991505146,200,
13.070099987089634,200,
2.5267000310122967,200,
11.99919986538589,200,
14.973500045016408,200,
2.6950000319629908,200,
16.039300011470914,200,
14.228699961677194,200,
2.4701000656932592,200,
12.48890021815896,200,
15.54919988848269,200,
2.1762999240309,200,
2.7195001021027565,200,
1.6268000472337008,200,
11.693299980834126,200,
25.467899860814214,200,
15.90360002592206,200,
15.578899998217821,200,
15.927299857139587,200,
14.825300080701709,200,
15.133500099182129,200,
15.061100013554096,200,
15.309399925172329,200,
15.130399959161878,200,
15.423899982124567,200,
15.221899840980768,200,
15.223999973386526,200,
15.270500211045146,200,
15.638799872249365,200,
1.3623000122606754,200,
15.898399986326694,200,
14.83369991183281,200,
15.699199866503477,200,
15.705700032413006,200,
15.74670011177659,200,
16.082099871709943,200,
15.058199875056744,200,
15.459399903193116,200,
1.5545999631285667,200,
15.132199972867966,200,
13.491300167515874,200,
1.766500063240528,200,
13.32399994134903,200,
15.25900000706315,200,
2.045400207862258,200,
2.7488998603075743,200,
2.8478000313043594,200,
2.512100152671337,200,
1.358299981802702,200,
1.1655001435428858,200,
1.203400082886219,200,
0.9905002079904079,200,
0.9806000161916018,200,
0.9731999598443508,200,
18.868800019845366,200,
26.1394998524338,200,
1.7740000039339066,200,
2.2372000385075808,200,
2.5239000096917152,200,
2.515600062906742,200,
1.787200104445219,200,
27.28860010392964,200,
25.485499994829297,200,
2.168399980291724,200,
2.440500073134899,200,
2.2778999991714954,200,
2.5539000052958727,200,
1.4222001191228628,200,
1.1891999747604132,200,
24.016999872401357,200,
27.03920006752014,200,
1.7850000876933336,200,
2.2239999379962683,200,
1.554399961605668,200,
12.516900198534131,200,
15.481200069189072,200,
26.92700014449656,200,
15.890599926933646,200,
15.887800138443708,200,
1.702900044620037,200,
2.0394001621752977,200,
1.472200034186244,200,
1.6368001233786345,200,
1.4287999365478754,200,
1.7963999416679144,200,
25.343499844893813,200,
24.73029983229935,200,
1.2843001168221235,200,
14.640100067481399,200,
16.22490002773702,200,
1.3292999938130379,200,
13.511999975889921,200,
15.207299962639809,200,
2.331600058823824,200,
2.3032999597489834,200,
1.194800017401576,200,
13.101299991831183,200,
12.255399953573942,200,
14.736900106072426,200,
15.286300098523498,200,
15.017999801784754,200,
15.579200116917491,200,
15.30349999666214,200,
15.312700066715479,200,
15.36570000462234,200,
15.334099996834993,200,
1.4182000886648893,200,
14.988499926403165,200,
13.786799972876906,200,
15.132399974390864,200,
15.800900058820844,200,
14.10070015117526,200,
15.13159996829927,200,
1.7985000740736723,200,
1.8135998398065567,200,
13.411300024017692,200,
13.71260010637343,200,
1.3250000774860382,200,
15.287399990484118,200,
14.300599927082658,200,
1.3007000088691711,200,
15.063900034874678,200,
14.19809996150434,200,
15.220400178804994,200,
15.18520014360547,200,
1.6903001815080643,200,
12.645599897950888,200,
14.655099948868155,200,
1.5163000207394361,200,
13.86469998396933,200,
15.44010010547936,200,
1.769700087606907,200,
16.529500018805265,200,
15.137700131163001,200,
13.990600127726793,200,
14.457300072535872,200,
1.5963001642376184,200,
15.127400169149041,200,
13.499599881470203,200,
14.749899972230196,200,
14.926299918442965,200,
1.4949999749660492,200,
13.874599942937493,200,
15.24559990502894,200,
1.6277001705020666,200,
16.11969992518425,200,
14.510700013488531,200,
14.979900093749166,200,
15.409199986606836,200,
1.5879999846220016,200,
14.423400163650513,200,
15.981900040060282,200,
1.6355998814105988,200,
15.385600039735436,200,
13.732099905610085,200,
1.5853999648243189,200,
15.288899885490537,200,
13.660999946296215,200,
14.679299900308251,200,
15.04089985974133,200,
2.005400136113167,200,
15.181099995970726,200,
13.892500195652246,200,
1.8202001228928566,200,
14.682600041851401,200,
13.375999871641397,200,
15.065999934449792,200,
15.527699841186404,200,
15.221099834889174,200,
15.58810006827116,200,
16.028800047934055,200,
16.041899798437953,200,
1.6204998828470707,200,
15.05309995263815,200,
13.785499846562743,200,
1.6105999238789082,200,
13.465299969539046,200,
15.49470005556941,200,
1.6173000913113356,200,
15.04560001194477,200,
13.813199941068888,200,
15.798799926415086,200,
15.762000111863017,200,
1.587199978530407,200,
15.582899795845151,200,
14.027500059455633,200,
14.90220008417964,200,
15.345600200816989,200,
15.342799946665764,200,
15.292900148779154,200,
1.7887998837977648,200,
1.3313000090420246,200,
12.905000010505319,200,
16.18669996969402,200,
3.0447000171989202,200,
3.041899995878339,200,
1.4754999428987503,200,
11.656099930405617,200,
1.512099988758564,200,
1.2086001224815845,200,
1.02199986577034,200,
0.9498000144958496,200,
1.157199963927269,200,
0.9844000451266766,200,
0.9395000524818897,200,
0.8962000720202923,200,
25.374900083988905,200,
17.030599992722273,200,
23.366000037640333,200,
1.6717000398784876,200,
12.161900056526065,200,
13.889200054109097,200,
1.5342000406235456,200,
13.651700224727392,200,
15.53159998729825,200,
1.302399905398488,200,
15.081899939104915,200,
13.787299860268831,200,
14.996299985796213,200,
15.30810003168881,200,
15.395499998703599,200,
15.389200067147613,200,
1.3908001128584146,200,
13.636700110509992,200,
15.104399994015694,200,
1.1226998176425695,200,
15.444900142028928,200,
14.256100170314312,200,
1.457100035622716,200,
14.948199968785048,200,
13.724199961870909,200,
15.661200042814016,200,
15.673999907448888,200,
1.4506999868899584,200,
14.6592000965029,200,
13.51379998959601,200,
1.6960001084953547,200,
15.60869999229908,200,
14.220800017938018,200,
15.355499926954508,200,
15.408300096169114,200,
14.908600132912397,200,
14.907200122252107,200,
15.366400126367807,200,
15.73299989104271,200,
15.248799929395318,200,
15.261099906638265,200,
15.036000171676278,200,
15.3759999666363,200,
1.541699981316924,200,
13.630200177431107,200,
15.220300061628222,200,
1.6217001248151064,200,
14.805899932980537,200,
13.426900142803788,200,
1.553199952468276,200,
13.909399975091219,200,
15.500500099733472,200,
1.5617001336067915,200,
14.69719992019236,200,
16.344300005584955,200,
1.418599858880043,200,
1.0353999678045511,200,
1.049000071361661,200,
14.886399963870645,200,
26.979800080880523,200,
15.7689000479877,200,
15.77869988977909,200,
16.55100006610155,200,
2.7187999803572893,200,
2.493599895387888,200,
12.497100047767162,200,
12.436000164598227,200,
2.80330004170537,200,
2.890900010243058,200,
1.8854998052120209,200,
2.180099952965975,200,
2.0442998502403498,200,
2.1001999266445637,200,
2.5061999913305044,200,
3.170300042256713,200,
1.7148000188171864,200,
1.717299921438098,200,
19.963899860158563,200,
20.15300001949072,200,
1.9024000503122807,200,
13.313000090420246,200,
14.816799899563193,200,
15.200299909338355,200,
15.051799826323986,200,
1.2749999295920134,200,
13.800299959257245,200,
15.330800088122487,200,
1.479000085964799,200,
15.285199973732233,200,
14.034399995580316,200,
1.3356998097151518,200,
13.611799804493785,200,
15.231900149956346,200,
1.335799926891923,200,
15.37139993160963,200,
17.032100120559335,200,
1.5164997894316912,200,
1.2390001211315393,200,
1.0901999194175005,200,
1.0156999342143536,200,
1.2091000098735094,200,
1.481400104239583,200,
1.298299990594387,200,
13.68570001795888,200,
1.1289999820291996,200,
20.581700140610337,200,
14.951900113373995,200,
1.4479998499155045,200,
14.024100033566356,200,
15.501700108870864,200,
1.4200001023709774,200,
16.098800115287304,200,
14.959299936890602,200,
1.1444000992923975,200,
15.455299988389015,200,
14.268199913203716,200,
14.390300028026104,200,
14.865200035274029,200,
1.6132001765072346,200,
15.121100004762411,200,
13.964700046926737,200,
15.093999914824963,200,
15.627700136974454,200,
15.830599935725331,200,
16.32880000397563,200,
15.418600058183074,200,
15.36900014616549,200,
1.846000086516142,200,
13.428800040856004,200,
15.31850011087954,200,
15.016799792647362,200,
15.336599899455905,200,
1.494100084528327,200,
13.560699997469783,200,
15.399100026115775,200,
1.517999917268753,200,
13.443700037896633,200,
15.288099879398942,200,
1.5638000331819057,200,
15.317300101742148,200,
13.791200006380677,200,
15.83839999511838,200,
16.203199978917837,200,
15.2515999507159,200,
15.224299859255552,200,
1.6787999775260687,200,
14.85299994237721,200,
16.60249987617135,200,
1.6626999713480473,200,
13.494800077751279,200,
12.151200091466308,200,
1.7315999139100313,200,
15.625600004568696,200,
13.909699860960245,200,
1.8326998688280582,200,
12.964800000190735,200,
14.796300092712045,200,
2.5806999765336514,200,
13.01940018311143,200,
15.993600012734532,200,
1.9545000977814198,200,
1.321299932897091,200,
15.44450013898313,200,
12.447400018572807,200,
1.3824000488966703,200,
13.695599976927042,200,
15.092800138518214,200,
15.07969992235303,200,
15.363200102001429,200,
1.4065001159906387,200,
15.196299878880382,200,
14.05119989067316,200,
15.182500006631017,200,
15.19710011780262,200,
15.140200033783913,200,
15.101799974218011,200,
1.3963000383228064,200,
15.279699815437198,200,
14.123399974778295,200,
15.602000057697296,200,
15.652199974283576,200,
1.1024000123143196,200,
16.09889999963343,200,
15.002999920397997,200,
1.7692998517304659,200,
13.396099908277392,200,
15.233499929308891,200,
1.7603999003767967,200,
18.158100079745054,200,
20.408499985933304,200,
6.728800013661385,200,
27.55960007198155,200,
20.317799877375364,200,
14.790200162678957,200,
15.294999815523624,200,
2.761899959295988,200,
14.231400098651648,200,
16.125999856740236,200,
27.608499862253666,200,
2.62079993262887,200,
16.066599870100617,200,
13.37289996445179,200,
2.5526999961584806,200,
14.206500025466084,200,
16.058499924838543,200,
27.728400193154812,200,
14.24389984458685,200,
15.176800079643726,200,
2.7753000613301992,200,
12.923500034958124,200,
15.337499789893627,200,
2.76739988476038,200,
4.803399788215756,200,
4.476099973544478,200,
4.461599979549646,200,
4.793600179255009,200,
5.071599967777729,200,
4.5189999509602785,200,
3.732099896296859,200,
3.3537999261170626,200,
3.282599849626422,200,
4.324000095948577,200,
4.161100136116147,200,
3.1419999431818724,200,
3.8157999515533447,200,
2.300300169736147,200,
15.097999945282936,200,
15.165199991315603,200,
16.39840006828308,200,
16.843599965795875,200,
14.48730006814003,200,
14.86009988002479,200,
1.4208999928086996,200,
14.972500037401915,200,
13.440700015053153,200,
1.490799942985177,200,
15.655399998649955,200,
14.174700016155839,200,
1.4529000036418438,200,
13.806000119075179,200,
15.391299966722727,200,
1.9511000718921423,200,
1.947800163179636,200,
1.85779994353652,200,
2.3024999536573887,200,
2.0618000999093056,200,
2.5496999733150005,200,
2.551899990066886,200,
2.382500097155571,200,
1.7645000480115414,200,
1.8543999176472425,200,
1.9806001801043749,200,
1.9294999074190855,200,
1.68889993801713,200,
1.5829999465495348,200,
0.9939000010490417,200,
14.068500138819218,200,
15.791299985721707,200,
1.9257999956607819,200,
1.9094001036137342,200,
1.5723002143204212,200,
1.9064000807702541,200,
2.0875001791864634,200,
2.0055000204592943,200,
1.7405000980943441,200,
2.0620999857783318,200,
2.0739000756293535,200,
2.2464001085609198,200,
2.129900036379695,200,
2.527599921450019,200,
18.425599904730916,200,
18.431099830195308,200,
1.656699925661087,200,
1.9934000447392464,200,
1.5708000864833593,200,
1.259000040590763,200,
1.0292001534253359,200,
0.9573001880198717,200,
0.9842000436037779,200,
1.079099951311946,200,
13.426100136712193,200,
22.304800106212497,200,
15.583799919113517,200,
1.6251001507043839,200,
1.8759998492896557,200,
1.7586001195013523,200,
1.742199994623661,200,
1.491899834945798,200,
1.7817001789808273,200,
1.3812999241054058,200,
1.6908000688999891,200,
1.7601000145077705,200,
1.7633999232202768,200,
2.5686000008136034,200,
2.7761999517679214,200,
1.507599838078022,200,
20.303199999034405,200,
18.666299991309643,200,
2.693100133910775,200,
12.86950008943677,200,
16.002000076696277,200,
2.6335997972637415,200,
1.7939000390470028,200,
14.954500133171678,200,
2.2295000962913036,200,
26.255599921569228,200,
13.632700080052018,200,
3.3068000338971615,200,
3.6853000055998564,200,
3.3498001284897327,200,
3.411599900573492,200,
2.9696000274270773,200,
2.9406999237835407,200,
1.305299811065197,200,
1.0244001168757677,200,
1.156599959358573,200,
16.50350005365908,200,
20.3855000436306,200,
1.4122999273240566,200,
15.008199959993362,200,
16.450699884444475,200,
14.441599836573005,200,
14.704700093716383,200,
1.284899888560176,200,
15.11209993623197,200,
13.797599822282791,200,
15.281399944797158,200,
15.520500019192696,200,
1.384400064125657,200,
15.14500007033348,200,
14.033199986442924,200,
15.35369991324842,200,
15.310300048440695,200,
1.3504000380635262,200,
15.546200098469853,200,
14.427899848669767,200,
1.2703000102192163,200,
15.186700038611889,200,
13.964700046926737,200,
15.583599917590618,200,
15.950300032272935,200,
1.5680999495089054,200,
15.305300010368228,200,
13.788399985060096,200,
15.378399984911084,200,
15.762400114908814,200,
1.3743999879807234,200,
15.057299984619021,200,
13.642100151628256,200,
15.446800040081143,200,
15.789799857884645,200,
1.7067999579012394,200,
15.228299889713526,200,
13.548000017181039,200,
15.299299964681268,200,
15.254499856382608,200,
1.807300141081214,200,
15.158200170844793,200,
13.680200092494488,200,
14.89289989694953,200,
15.266200061887503,200,
1.604099990800023,200,
15.394099988043308,200,
13.765099924057722,200,
1.8142000772058964,200,
16.99290005490184,200,
15.454400097951293,200,
1.6135000623762608,200,
14.314300147816539,200,
12.737599899992347,200,
15.145199839025736,200,
15.538600040599704,200,
14.796400209888816,200,
15.13459999114275,200,
15.158100053668022,200,
15.49340016208589,200,
2.0812000147998333,200,
14.93289996869862,200,
13.124499935656786,200,
15.422499971464276,200,
15.75529994443059,200,
2.061299979686737,200,
13.0517000798136,200,
15.506400028243661,200,
1.8078000284731388,200,
15.156199922785163,200,
13.371500186622143,200,
1.808099914342165,200,
15.139099908992648,200,
13.229899806901813,200,
15.01600001938641,200,
15.357399825006723,200,
14.929499942809343,200,
15.277799917384982,200,
1.770400209352374,200,
15.886599896475673,200,
14.08130000345409,200,
1.7984998412430286,200,
15.383300138637424,200,
13.552899938076735,200,
15.951800160109997,200,
16.02329988963902,200,
16.055099898949265,200,
16.035999869927764,200,
1.5851999633014202,200,
1.931999810039997,200,
1.4261999167501926,200,
1.776800025254488,200,
1.1597000993788242,200,
26.309899985790253,200,
27.516100089997053,200,
1.5486001502722502,200,
13.649200089275837,200,
15.309599926695228,200,
16.02960005402565,200,
15.948600135743618,200,
1.5181000344455242,200,
13.204700080677867,200,
15.116600086912513,200,
15.406399965286255,200,
15.34179993905127,200,
1.6815001145005226,200,
13.42350011691451,200,
15.461100032553077,200,
1.6824000049382448,200,
15.151100000366569,200,
13.735600048676133,200,
1.5475000254809856,200,
15.18049999140203,200,
13.606500113382936,200,
15.225199982523918,200,
15.232699923217297,200,
2.5991001166403294,200,
12.262900127097964,200,
14.926299918442965,200,
1.269300002604723,200,
14.319000067189336,200,
15.903300140053034,200,
1.2894999235868454,200,
14.38189996406436,200,
13.274400029331446,200,
15.186100034043193,200,
15.010100090876222,200,
1.5671998262405396,200,
13.55680008418858,200,
15.189200174063444,200,
15.900300117209554,200,
15.866999980062246,200,
1.640999922528863,200,
15.653599984943867,200,
14.010499930009246,200,
15.50360000692308,200,
15.896700089797378,200,
1.7632998060435057,200,
14.840099960565567,200,
13.381199911236763,200,
1.2898999266326427,200,
13.8071000110358,200,
15.451099956408143,200,
15.417500166222453,200,
15.36839990876615,200,
1.480999868363142,200,
14.935499988496304,200,
13.74200009740889,200,
1.3037000317126513,200,
15.411200001835823,200,
14.03049984946847,200,
1.3800000306218863,200,
13.481999980285764,200,
15.207600081339478,200,
15.226999996230006,200,
15.180299989879131,200,
1.4559999108314514,200,
14.051100006327033,200,
15.5863999389112,200,
1.3807001523673534,200,
16.18669996969402,200,
14.780599856749177,200,
15.075600007548928,200,
15.076100127771497,200,
1.5155000146478415,200,
13.572099851444364,200,
15.43580018915236,200,
15.632800059393048,200,
15.625500120222569,200,
15.00570005737245,200,
15.309799928218126,200,
2.0236000418663025,200,
13.588099973276258,200,
15.726399840787053,200,
2.3625001776963472,200,
13.583000050857663,200,
26.592700043693185,200,
15.858700033277273,200,
2.067399909719825,200,
2.0488000009208918,200,
1.7794000450521708,200,
1.7903000116348267,200,
2.1692998707294464,200,
2.293400000780821,200,
2.098300028592348,200,
1.801899867132306,200,
1.572099979966879,200,
1.3939999043941498,200,
1.204799860715866,200,
1.2153999414294958,200,
15.267099952325225,200,
24.339099880307913,200,
1.4561000280082226,200,
15.22510009817779,200,
16.66520000435412,200,
1.3777997810393572,200,
13.456299901008606,200,
14.877500012516975,200,
1.3818999286741018,200,
13.90510005876422,200,
15.341900056228042,200,
1.1755998712033033,200,
15.082099940627813,200,
13.953299960121512,200,
1.3908999972045422,200,
13.837700011208653,200,
15.30459988862276,200,
1.4547999016940594,200,
15.290000010281801,200,
13.686999911442399,200,
1.455900026485324,200,
15.237599844112992,200,
13.936900068074465,200,
20.09940007701516,200,
20.37209994159639,200,
6.835300009697676,200,
6.699299905449152,200,
1.4470000751316547,200,
18.35100003518164,200,
19.531700061634183,200,
15.015800017863512,200,
15.271699987351894,200,
1.2481000740081072,200,
15.09470003657043,200,
13.873499818146229,200,
1.090700039640069,200,
13.978699920699,200,
15.39720012806356,200,
1.281500095501542,200,
14.61600000038743,200,
16.14359999075532,200,
1.3047999236732721,200,
14.006800018250942,200,
15.569299925118685,200,
1.4500999823212624,200,
14.733299845829606,200,
16.274099936708808,200,
20.00950020737946,200,
20.99340013228357,200,
6.02720002643764,200,
26.894500013440847,200,
21.731500048190355,200,
14.652099926024675,200,
15.158700058236718,200,
3.0469000339508057,200,
13.934100046753883,200,
16.35259995236993,200,
27.777800103649497,200,
3.1655000057071447,200,
12.686399975791574,200,
15.936600044369698,200,
3.5077000502496958,200,
3.9689000695943832,200,
2.9691997915506363,200,
27.022299822419882,200,
24.94270005263388,200,
2.9261999297887087,200,
14.118199935182929,200,
27.45860000140965,200,
16.272200038656592,200,
2.606299938634038,200,
16.335499938577414,200,
13.665299862623215,200,
13.600599952042103,200,
13.536700047552586,200,
2.5653999764472246,200,
2.917800098657608,200,
1.6575998160988092,200,
1.9873999990522861,200,
25.720300152897835,200,
25.707499822601676,200,
15.943699982017279,200,
15.961800003424287,200,
1.3484000228345394,200,
13.684800127521157,200,
15.340699814260006,200,
14.611199963837862,200,
14.883399941027164,200,
1.78799987770617,200,
15.4188999440521,200,
13.849100098013878,200,
15.051899943500757,200,
15.357699943706393,200,
1.5746999997645617,200,
15.820200089365244,200,
14.607100049033761,200,
1.7658001743257046,200,
14.30670008994639,200,
12.763400096446276,200,
1.4401997905224562,200,
13.820499880239367,200,
15.29180002398789,200,
1.2650000862777233,200,
14.909300021827221,200,
13.68109998293221,200,
15.312899835407734,200,
15.353800030425191,200,
14.976299833506346,200,
15.344599960371852,200,
1.2793999630957842,200,
15.25490009225905,200,
14.283400028944016,200,
1.3280999846756458,200,
15.305900014936924,200,
14.002199983224273,200,
14.932399848476052,200,
15.283900080248713,200,
15.391099965199828,200,
15.42790001258254,200,
15.256599988788366,200,
15.292000025510788,200,
1.5533000696450472,200,
14.97640018351376,200,
13.801800087094307,200,
1.536400057375431,200,
14.161899918690324,200,
15.68750012665987,200,
2.864300040528178,200,
11.947500053793192,200,
14.85709985718131,200,
1.2028999626636505,200,
15.15959994867444,200,
13.974200002849102,200,
15.201200032606721,200,
15.211099991574883,200,
15.326600056141615,200,
15.650000190362334,200,
1.6169000882655382,200,
15.93129988759756,200,
14.584900112822652,200,
1.6337998677045107,200,
13.586399843916297,200,
15.306300017982721,200,
1.7996998503804207,200,
2.14270013384521,200,
2.110299887135625,200,
2.133500063791871,200,
1.3304001186043024,200,
26.77870006300509,200,
28.488399926573038,200,
1.4659001026302576,200,
1.1374999303370714,200,
1.1928000021725893,200,
1.0821002069860697,200,
1.3406998477876186,200,
1.112000085413456,200,
1.0538001079112291,200,
1.168200047686696,200,
14.144500019028783,200,
16.58930000849068,200,
21.2419000454247,200,
1.8188999965786934,200,
1.163500128313899,200,
1.123799942433834,200,
1.1603001039475203,200,
1.2378999963402748,200,
1.0442000348120928,200,
1.024800119921565,200,
0.9681000374257565,200,
0.961200101301074,200,
1.0645999573171139,200,
14.8114999756217,200,
1.6052999999374151,200,
15.150099992752075,200,
19.907699897885323,200,
2.0957000087946653,200,
12.8027000464499,200,
15.467199962586164,200,
1.5656000468879938,200,
15.987300081178546,200,
14.404400018975139,200,
15.374100068584085,200,
15.401999931782484,200,
3.2798999454826117,200,
3.280299948528409,200,
2.3990999907255173,200,
3.0894000083208084,200,
1.6411000397056341,200,
22.260900121182203,200,
24.577599950134754,200,
1.5557000879198313,200,
15.868599992245436,200,
14.58070008084178,200,
1.3284999877214432,200,
1.0990998707711697,200,
15.465699834749103,200,
18.14840012229979,200,
13.78650008700788,200,
14.376899925991893,200,
15.158499823883176,200,
15.1615000795573,200,
13.618999859318137,200,
14.581600204110146,200,
2.7668001130223274,200,
13.127400074154139,200,
15.518999891355634,200,
2.3963998537510633,200,
13.47390003502369,200,
26.93590009585023,200,
15.883199870586395,200,
2.350500086322427,200,
15.145800076425076,200,
13.162099989131093,200,
2.302599838003516,200,
12.57900008931756,200,
15.32280002720654,200,
14.995800098404288,200,
15.383000019937754,200,
15.13299997895956,200,
15.50199999473989,200,
2.1569998934865,200,
14.152300078421831,200,
16.363699920475483,200,
1.905200071632862,200,
13.237399980425835,200,
27.801600052043796,200,
16.831899993121624,200,
2.1949000656604767,200,
15.04720002412796,200,
13.238499872386456,200,
15.755200060084462,200,
16.19300013408065,200,
1.9326999317854643,200,
13.322300044819713,200,
15.726400073617697,200,
1.962900161743164,200,
13.946900144219398,200,
15.89729986153543,200,
2.116900170221925,200,
13.179500121623278,200,
15.34199994057417,200,
15.135599998757243,200,
15.147499972954392,200,
16.101399902254343,200,
16.11379999667406,200,
2.2871000692248344,200,
2.2879999596625566,200,
4.624900175258517,200,
25.656099896878004,200,
26.056400034576654,200,
2.4568999651819468,200,
14.759600162506104,200,
12.620299821719527,200,
2.230799989774823,200,
15.348199987784028,200,
13.443900039419532,200,
16.234499868005514,200,
16.614400083199143,200,
15.065300045534968,200,
15.072999987751245,200,
1.2894000392407179,200,
14.59509995765984,200,
15.833199955523014,200,
1.3262999709695578,200,
13.446700060740113,200,
15.10199997574091,200,
1.3303998857736588,200,
14.952600002288818,200,
13.946299906820059,200,
15.199700137600303,200,
15.518900007009506,200,
1.2997998856008053,200,
14.971200143918395,200,
13.771699974313378,200,
1.4180999714881182,200,
15.30759991146624,200,
14.280200004577637,200,
1.3181001413613558,200,
13.54039995931089,200,
15.233099926263094,200,
15.37630008533597,200,
15.317199984565377,200,
1.8076000269502401,200,
15.161599963903427,200,
13.559999875724316,200,
1.7293000128120184,200,
14.400499872863293,200,
16.260999953374267,200,
1.590200001373887,200,
15.134799992665648,200,
13.502600137144327,200,
1.641599927097559,200,
14.864300144836307,200,
16.600799979642034,200,
1.5754001215100288,200,
13.48290010355413,200,
15.030200127512217,200,
1.3218000531196594,200,
13.768399832770228,200,
15.341599937528372,200,
1.4158000703901052,200,
13.556899968534708,200,
15.28559997677803,200,
15.310300048440695,200,
15.249399933964014,200,
1.281999982893467,200,
14.122399967163801,200,
15.754500171169639,200,
15.688099898397923,200,
16.019599977880716,200,
1.4367999974638224,200,
13.906200183555484,200,
15.425400109961629,200,
1.3192000333219767,200,
14.135299948975444,200,
15.485799871385098,200,
15.312699833884835,200,
15.279700048267841,200,
1.4732000418007374,200,
13.452300103381276,200,
15.07840002886951,200,
1.440499909222126,200,
1.091300044208765,200,
1.0912998113781214,200,
15.642200130969286,200,
11.918199947103858,200,
14.624400064349174,200,
15.194799983873963,200,
1.5918000135570765,200,
1.2777000665664673,200,
11.933599831536412,200,
15.485000098124146,200,
15.001399908214808,200,
15.301800100132823,200,
1.3804999180138111,200,
13.873199932277203,200,
15.33370022661984,200,
1.4452000614255667,200,
13.719000155106187,200,
15.243500005453825,200,
15.51860012114048,200,
16.339499969035387,200,
2.309399889782071,200,
13.547200011089444,200,
15.144499950110912,200,
14.861099887639284,200,
15.273399883881211,200,
15.943899983540177,200,
15.97200008109212,200,
15.046499902382493,200,
15.118200099095702,200,
1.2948999647051096,200,
14.014599844813347,200,
15.3438001871109,200,
2.044899854809046,200,
2.03300011344254,200,
1.639300025999546,200,
1.6446998342871666,200,
1.7703999765217304,200,
1.8390000332146883,200,
1.6608999576419592,200,
1.9922999199479818,200,
1.1521000415086746,200,
24.58689990453422,200,
23.732899921014905,200,
14.05279990285635,200,
14.412199845537543,200,
1.6448998358100653,200,
15.39059984497726,200,
14.018499990925193,200,
14.91949986666441,200,
14.930299948900938,200,
16.334400046616793,200,
16.384700080379844,200,
15.776900108903646,200,
15.829100040718913,200,
1.5580998733639717,200,
14.858100097626448,200,
13.259399915114045,200,
1.2550998944789171,200,
1.0532001033425331,200,
0.9709000587463379,200,
1.2004999443888664,200,
14.979599975049496,200,
16.21460006572306,200,
26.61199984140694,200,
1.2205000966787338,200,
13.775100000202656,200,
15.36000007763505,200,
16.150400042533875,200,
16.162300016731024,200,
15.683700097724795,200,
15.675100032240152,200,
1.3101000804454088,200,
15.539099927991629,200,
14.213599963113666,200,
1.4452999457716942,200,
15.614900039508939,200,
14.489199966192245,200,
1.5301997773349285,200,
14.42589983344078,200,
13.272000011056662,200,
1.795399934053421,200,
14.843299984931946,200,
13.338800054043531,200,
1.4476999640464783,200,
16.112299868837,200,
14.6484998986125,200,
15.29180002398789,200,
15.621599974110723,200,
15.15089999884367,200,
15.1849000249058,200,
1.50969997048378,200,
13.584099942818284,200,
15.155000146478415,200,
14.935299986973405,200,
15.306399902328849,200,
1.5604000072926283,200,
15.08549996651709,200,
13.506799936294556,200,
15.084200073033571,200,
15.098399948328733,200,
1.6374997794628143,200,
13.54210008867085,200,
15.248400159180164,200,
15.44109988026321,200,
15.406500082463026,200,
16.0026999656111,200,
16.336899949237704,200,
15.85579989477992,200,
16.395599814131856,200,
14.277300098910928,200,
14.845099998638034,200,
15.302899992093444,200,
15.76859992928803,200,
1.7279000021517277,200,
16.263799974694848,200,
14.883300056681037,200,
2.311399905011058,200,
13.38759995996952,200,
16.061600064858794,200,
27.4080999661237,200,
15.14029991813004,200,
15.179699985310435,200,
15.255399979650974,200,
15.284799970686436,200,
1.294800080358982,200,
13.80440010689199,200,
15.429599909111857,200,
1.4065001159906387,200,
13.807300012558699,200,
15.273500001057982,200,
15.788599848747253,200,
16.113599995151162,200,
1.3786000199615955,200,
13.970999978482723,200,
15.388599829748273,200,
15.657699899747968,200,
15.955100068822503,200,
15.778800006955862,200,
16.116600017994642,200,
1.249199965968728,200,
14.031299855560064,200,
15.329399844631553,200,
1.3452998828142881,200,
14.917799970135093,200,
13.572800206020474,200,
1.5954000409692526,200,
13.418700080364943,200,
15.396799892187119,200,
15.615500044077635,200,
15.959699871018529,200,
14.94289981201291,200,
15.255499863997102,200,
2.0195001270622015,200,
15.185300027951598,200,
13.452199986204505,200,
15.939000062644482,200,
15.950700035318732,200,
15.41190012358129,200,
15.417399816215038,200,
1.712600002065301,200,
13.198899803683162,200,
15.283799963071942,200,
1.6777999699115753,200,
13.36560002528131,200,
15.412200009450316,200,
15.913299983367324,200,
16.243800055235624,200,
1.6460001934319735,200,
15.327699948102236,200,
13.715000124648213,200,
14.964200090616941,200,
15.366100007668138,200,
1.8088999204337597,200,
15.473100123926997,200,
13.957899995148182,200,
1.682699890807271,200,
13.01419991068542,200,
15.07680001668632,200,
15.063900034874678,200,
15.075600007548928,200,
2.2449998650699854,200,
15.099399955943227,200,
13.197400141507387,200,
15.075200004503131,200,
15.028299996629357,200,
15.8890001475811,200,
16.196700045838952,200,
1.6554000321775675,200,
14.613899867981672,200,
13.23799998499453,200,
14.596300199627876,200,
14.904699986800551,200,
15.277000144124031,200,
15.618599951267242,200,
15.22339996881783,200,
15.16279997304082,200,
1.4090000186115503,200,
15.99240000359714,200,
14.564299955964088,200,
2.4654001463204622,200,
2.742100041359663,200,
2.599300118163228,200,
2.9704999178647995,200,
1.8007000908255577,200,
1.5980000607669353,200,
1.6737000551074743,200,
2.5502999778836966,200,
1.7345999367535114,200,
26.30650019273162,200,
17.261500004678965,200,
1.7615000251680613,200,
3.4280000254511833,200,
2.7432998176664114,200,
2.3093000054359436,200,
2.289100084453821,200,
2.841399982571602,200,
1.8070999067276716,200,
2.620300045236945,200,
2.701499965041876,200,
3.078700043261051,200,
3.663499839603901,200,
3.2862001098692417,200,
3.2259998843073845,200,
2.1764999255537987,200,
2.466399921104312,200,
1.6477999743074179,200,
1.8545999191701412,200,
1.5104999765753746,200,
1.8487998750060797,200,
2.0204000174999237,200,
2.4017000105232,200,
1.819700002670288,200,
2.045300090685487,200,
19.415900111198425,200,
15.957600204274058,200,
15.953399939462543,200,
15.824300004169345,200,
2.3233999963849783,200,
2.6030000299215317,200,
1.2771000619977713,200,
11.30139990709722,200,
1.4972998760640621,200,
1.3689000625163317,200,
1.6602999530732632,200,
11.808500159531832,200,
26.49710001423955,200,
1.8315000925213099,200,
2.1402998827397823,200,
1.8847999162971973,200,
1.9338000565767288,200,
1.1752999853342772,200,
1.0242999996989965,200,
0.987200066447258,200,
0.9832000359892845,200,
1.0373000986874104,200,
1.0125997941941023,200,
1.005799975246191,200,
1.027100021019578,200,
1.002900069579482,200,
1.0573999024927616,200,
27.99029997549951,200,
17.372099915519357,200,
1.7553998623043299,200,
4.340700106695294,200,
2.712500048801303,200,
2.498599933460355,200,
2.692099893465638,200,
1.2388001196086407,200,
1.1555999517440796,200,
1.211400143802166,200,
1.158999977633357,200,
17.625399865210056,200,
23.039699997752905,200,
1.3731000944972038,200,
1.1175000108778477,200,
1.0758999269455671,200,
1.0691999923437834,200,
14.434499898925424,200,
26.245699962601066,200,
16.62230002693832,200,
15.63669997267425,200,
15.940099954605103,200,
1.3267998583614826,200,
13.853599783033133,200,
15.43710008263588,200,
1.4448999427258968,200,
15.277100028470159,200,
13.99990008212626,200,
2.1705999970436096,200,
13.647800078615546,200,
16.140199964866042,200,
15.322400024160743,200,
15.7022001221776,200,
1.3494000304490328,200,
14.82639997266233,200,
13.800199842080474,200,
1.813800074160099,200,
14.977300073951483,200,
13.432799838483334,200,
1.3850999530404806,200,
15.368900028988719,200,
14.109499985352159,200,
15.237299958243966,200,
15.575400087982416,200,
1.6868999227881432,200,
14.415099984034896,200,
16.21129992417991,200,
15.240299981087446,200,
15.654699876904488,200,
15.234600054100156,200,
15.191300073638558,200,
1.7088998574763536,200,
13.310200069099665,200,
15.370200155302882,200,
1.716699916869402,200,
14.988099923357368,200,
13.243099907413125,200,
1.6477999743074179,200,
13.295700075104833,200,
15.310700051486492,200,
1.6274999361485243,200,
13.53180012665689,200,
15.570000046864152,200,
16.079300083220005,200,
16.033099964261055,200,
1.6387999057769775,200,
13.959300005808473,200,
16.03209995664656,200,
15.645500039681792,200,
15.586799941956997,200,
1.4900998212397099,200,
0.9527001529932022,200,
1.0065999813377857,200,
1.037699868902564,200,
14.344899915158749,200,
26.831199880689383,200,
17.082700040191412,200,
1.5986999496817589,200,
11.976299807429314,200,
13.968500075861812,200,
1.4796999748796225,200,
15.472699888050556,200,
14.310200000181794,200,
1.7510000616312027,200,
15.097999945282936,200,
13.274400029331446,200,
1.4333000872284174,200,
15.285899862647057,200,
14.07809997908771,200,
1.443800050765276,200,
13.76720005646348,200,
15.29190014116466,200,
1.2893001548945904,200,
13.715100008994341,200,
15.397900016978383,200,
16.14980003796518,200,
16.10510004684329,200,
1.4650998637080193,200,
15.082200057804585,200,
13.857100158929825,200,
16.05920004658401,200,
16.114699887111783,200,
15.512099955230951,200,
15.843600034713745,200,
15.443900134414434,200,
15.482600079849362,200,
16.084699891507626,200,
16.443399945273995,200,
1.5799000393599272,200,
14.773000031709671,200,
13.536300044506788,200,
1.590800005942583,200,
15.27359988540411,200,
13.613900169730186,200,
1.7540999688208103,200,
13.084599981084466,200,
15.270699979737401,200,
1.6809001099318266,200,
15.242099994793534,200,
13.834899989888072,200,
1.543800113722682,200,
1.3141001109033823,200,
13.007400091737509,200,
16.218299977481365,200,
1.4015999622642994,200,
13.643099926412106,200,
15.426099998876452,200,
15.095500042662024,200,
15.474800020456314,200,
15.200000023469329,200,
15.199200017377734,200,
15.242099994793534,200,
15.649900073185563,200,
14.865699922665954,200,
15.226999996230006,200,
1.4527998864650726,200,
15.03959996625781,200,
13.79649993032217,200,
1.4926998410373926,200,
15.944400103762746,200,
14.994499972090125,200,
15.658800024539232,200,
15.624599996954203,200,
14.893700135871768,200,
15.259100124239922,200,
15.394499991089106,200,
15.601899940520525,200,
1.6632000915706158,200,
1.185599947348237,200,
14.072399819269776,200,
16.701399814337492,200,
1.8715998157858849,200,
13.299399986863136,200,
11.697799898684025,200,
15.206600073724985,200,
15.598699916154146,200,
1.4176999684423208,200,
15.297000063583255,200,
14.189299894496799,200,
15.057399868965149,200,
15.432300046086311,200,
15.13889990746975,200,
15.531999990344048,200,
15.195599989965558,200,
15.204800060018897,200,
16.127800103276968,200,
16.176699893549085,200,
1.4059999957680702,200,
1.0359000880271196,200,
1.0081001091748476,200,
1.0841998737305403,200,
1.2573001440614462,200,
1.2469000648707151,200,
14.341800007969141,200,
1.0918998159468174,200,
14.553399989381433,200,
23.15579983405769,200,
1.271599903702736,200,
15.684899874031544,200,
14.414200093597174,200,
14.902100199833512,200,
15.289800008758903,200,
14.828899875283241,200,
14.762500068172812,200,
1.8709998112171888,200,
15.50340000540018,200,
13.915499905124307,200,
1.5919001307338476,200,
13.589799869805574,200,
15.18190000206232,200,
15.655000228434801,200,
15.750800026580691,200,
15.623100101947784,200,
15.61899995431304,200,
1.5391998458653688,200,
15.557300066575408,200,
13.903299812227488,200,
15.17909998074174,200,
15.559599967673421,200,
1.9604999106377363,200,
2.2842998150736094,200,
1.4420999214053154,200,
1.9009001553058624,200,
3.0467999167740345,200,
2.606600057333708,200,
23.448099847882986,200,
23.820800008252263,200,
14.821700053289533,200,
15.183100011199713,200,
1.294500194489956,200,
15.261900145560503,200,
14.278300106525421,200,
1.4235000126063824,200,
14.038800029084086,200,
15.531500102952123,200,
14.956600032746792,200,
14.90980014204979,200,
1.4197002165019512,200,
13.799699954688549,200,
15.518400119617581,200,
1.587799983099103,200,
16.698400024324656,200,
15.078699914738536,200,
13.737500179558992,200,
13.747300021350384,200,
1.664699986577034,200,
15.490899793803692,200,
14.065399998798966,200,
1.4564997982233763,200,
15.209499979391694,200,
13.991900021210313,200,
15.213999897241592,200,
15.275799902155995,200,
1.3335999101400375,200,
13.739400077611208,200,
15.092500019818544,200,
15.229100128635764,200,
15.242099994793534,200,
14.976599952206016,200,
15.297700185328722,200,
1.4527998864650726,200,
15.149699989706278,200,
13.972399989143014,200,
15.911600086838007,200,
16.312899999320507,200,
1.2966000940650702,200,
15.795100014656782,200,
14.829699881374836,200,
15.090999891981483,200,
15.459599904716015,200,
14.570600120350718,200,
14.93350020609796,200,
16.138599952682853,200,
16.132599906995893,200,
1.6848999075591564,200,
13.102800119668245,200,
15.419599832966924,200,
14.333900064229965,200,
15.170000027865171,200,
2.342900028452277,200,
14.79189982637763,200,
13.50790006108582,200,
15.796999912708998,200,
16.09180006198585,200,
1.4285999350249767,200,
14.783899998292327,200,
13.572700088843703,200,
1.4137998223304749,200,
15.2944999281317,200,
14.150899834930897,200,
14.965499984100461,200,
14.962000073865056,200,
15.69180004298687,200,
15.692200046032667,200,
1.2929998338222504,200,
13.541900087147951,200,
15.26489993557334,200,
1.3005000073462725,200,
14.406200032681227,200,
15.675999922677875,200,
2.1005000453442335,200,
2.39869998767972,200,
1.3674001675099134,200,
12.100899824872613,200,
26.579599827528,200,
16.150600044056773,200,
1.6874999273568392,200,
1.1879000812768936,200,
1.056100009009242,200,
1.2234000023454428,200,
1.0285000316798687,200,
0.9743999689817429,200,
0.9551998227834702,200,
0.9514999110251665,200,
14.112000120803714,200,
21.814400097355247,200,
17.243999987840652,200,
1.6424001660197973,200,
12.565200217068195,200,
14.25020000897348,200,
14.846500009298325,200,
15.19379997625947,200,
1.4434999320656061,200,
14.79079993441701,200,
13.687900034710765,200,
1.305700046941638,200,
15.932200010865927,200,
14.653900172561407,200,
1.3605998829007149,200,
15.816000057384372,200,
14.709499897435308,200,
14.718800084665418,200,
15.04259998910129,200,
15.795399900525808,200,
16.133899800479412,200,
1.3244999572634697,200,
15.917100012302399,200,
14.619499910622835,200,
1.280799973756075,200,
14.522399986162782,200,
16.182600054889917,200,
1.4677001163363457,200,
15.627499902620912,200,
14.744500163942575,200,
15.15499991364777,200,
15.800900058820844,200,
14.71829996444285,200,
15.19980002194643,200,
16.052199993282557,200,
16.0413000266999,200,
2.728499937802553,200,
3.1570999417454004,200,
2.1130999084562063,200,
2.2175998892635107,200,
2.038500038906932,200,
1.8649999983608723,200,
1.3325000181794167,200,
1.0945999529212713,200,
1.2475000694394112,200,
1.0534999892115593,200,
1.3396998401731253,200,
1.4756000600755215,200,
23.406000109389424,200,
15.942600090056658,200,
2.325099892914295,200,
12.141599785536528,200,
14.459600206464529,200,
2.1384998690336943,200,
2.1714000031352043,200,
1.8855000380426645,200,
1.76470004953444,200,
12.771300040185452,200,
15.711999963968992,200,
25.11589997448027,200,
1.3113999739289284,200,
15.667099971324205,200,
14.490399975329638,200,
15.582300024107099,200,
16.016799956560135,200,
15.214300015941262,200,
15.25429985485971,200,
16.32170006632805,200,
16.332099912688136,200,
1.9033998250961304,200,
2.305499976500869,200,
1.787200104445219,200,
2.217399887740612,200,
1.5253000892698765,200,
1.0748999193310738,200,
2.596900099888444,200,
21.091700065881014,200,
26.794099947437644,200,
1.8435001838952303,200,
1.7648001667112112,200,
1.6150998417288065,200,
1.9878000020980835,200,
1.8498999997973442,200,
1.855200156569481,200,
1.6102001536637545,200,
1.8839000258594751,200,
1.5310000162571669,200,
1.8025999888777733,200,
2.3354999721050262,200,
2.3572000209242105,200,
2.280700020492077,200,
2.446600003167987,200,
1.5428001061081886,200,
1.219400204718113,200,
17.045099986717105,200,
14.11069999448955,200,
15.398599905893207,200,
15.329400077462196,200,
2.329800045117736,200,
2.3709998931735754,200,
1.253100112080574,200,
12.022800045087934,200,
15.598900150507689,200,
26.438800152391195,200,
2.286700066179037,200,
2.2925001103430986,200,
1.7407999839633703,200,
1.507400069385767,200,
11.987699894234538,200,
25.12019989080727,200,
16.459800070151687,200,
15.270200092345476,200,
15.627000015228987,200,
14.935000101104379,200,
14.897700166329741,200,
1.6286999452859163,200,
13.349000131711364,200,
15.079799806699157,200,
1.8476000986993313,200,
1.7991999629884958,200,
1.8358000088483095,200,
1.89070007763803,200,
12.128300033509731,200,
12.170900125056505,200,
1.3025000225752592,200,
15.566300135105848,200,
14.238400151953101,200,
1.4298001769930124,200,
15.370700042694807,200,
14.219299890100956,200,
1.384400064125657,200,
16.065499978139997,200,
14.987200032919645,200,
1.4367999974638224,200,
15.383699908852577,200,
14.300700044259429,200,
15.041300095617771,200,
15.097100054845214,200,
2.250900026410818,200,
2.129300031810999,200,
1.8364000134170055,200,
1.9058999605476856,200,
1.7671999521553516,200,
2.1092998795211315,200,
1.5239000786095858,200,
1.8232997972518206,200,
2.831899793818593,200,
2.804199932143092,200,
1.2389000039547682,200,
21.042800042778254,200,
20.103999879211187,200,
15.940099954605103,200,
15.751299913972616,200,
13.844199944287539,200,
14.264000114053488,200,
15.253799967467785,200,
15.5971001368016,200,
15.002799918875098,200,
15.309499809518456,200,
1.472200034186244,200,
13.811300043016672,200,
15.326400054618716,200,
1.603399869054556,200,
14.083799906075,200,
15.757499961182475,200,
1.4892998151481152,200,
14.022199902683496,200,
15.557299833744764,200,
15.2902000118047,200,
15.399399911984801,200,
1.2389998883008957,200,
13.83700012229383,200,
15.396700007840991,200,
15.226900111883879,200,
15.239800093695521,200,
16.03409997187555,200,
16.306200064718723,200,
1.369300065562129,200,
15.25190006941557,200,
13.875400181859732,200,
1.6690001357346773,200,
15.052200062200427,200,
13.63250007852912,200,
15.363899990916252,200,
15.649799956008792,200,
1.7105001024901867,200,
13.606299879029393,200,
15.51659987308085,200,
1.892399974167347,200,
14.919700101017952,200,
13.343800092115998,200,
15.155999921262264,200,
15.121900010854006,200,
1.4887999277561903,200,
13.88590014539659,200,
15.397700015455484,200,
1.4262001495808363,200,
14.688299968838692,200,
13.478500070050359,200,
15.373299829661846,200,
15.428199898451567,200,
15.29050013050437,200,
15.30319987796247,200,
15.17160004004836,200,
15.6014000531286,200,
15.286000212654471,200,
15.239400090649724,200,
14.993400080129504,200,
15.341100050136447,200,
15.236400067806244,200,
15.197700122371316,200,
15.137400012463331,200,
15.42489998973906,200,
15.198299894109368,200,
15.271499985828996,200,
1.6901998315006495,200,
13.409800129011273,200,
15.106500126421452,200,
1.361300004646182,200,
16.19260013103485,200,
14.818000141531229,200,
14.498400036245584,200,
14.5281997974962,200,
1.5843999572098255,200,
2.6298000011593103,200,
2.3463000543415546,200,
2.466800156980753,200,
2.6392999570816755,200,
2.870699856430292,200,
2.9511000029742718,200,
2.5844001211225986,200,
2.2686999291181564,200,
2.239299938082695,200,
2.269099932163954,200,
2.2698999382555485,200,
2.2233999334275723,200,
2.1991999819874763,200,
2.3161000572144985,200,
2.3048999719321728,200,
2.224799944087863,200,
2.516400068998337,200,
2.6789000257849693,200,
2.934899879619479,200,
2.944099949672818,200,
2.4532999377697706,200,
2.250799909234047,200,
2.28899996727705,200,
2.3753000423312187,200,
2.2927001118659973,200,
2.22250004298985,200,
2.195199951529503,200,
2.2406999487429857,200,
1.7450000159442425,200,
3.060100134462118,200,
2.538899891078472,200,
2.4860999546945095,200,
1.5551999676972628,200,
20.158400060608983,200,
22.02679985202849,200,
1.2159999459981918,200,
14.689999865368009,200,
16.28099987283349,200,
1.441500149667263,200,
13.11359996907413,200,
14.929600059986115,200,
15.200200024992228,200,
15.469799982383847,200,
1.4843998942524195,200,
15.056199859827757,200,
13.810199918225408,200,
1.640399917960167,200,
13.643200043588877,200,
15.652599977329373,200,
15.24870004504919,200,
15.354399802163243,200,
15.474400017410517,200,
15.469599980860949,200,
15.183700015768409,200,
15.14200004749,200,
1.3541001826524734,200,
15.12399991042912,200,
13.734200038015842,200,
1.341500086709857,200,
2.562300069257617,200,
2.158199902623892,200,
2.45820009149611,200,
2.945000072941184,200,
3.6417997907847166,200,
2.2714000660926104,200,
21.867400035262108,200,
22.17400004155934,200,
1.2662999797612429,200,
15.162500087171793,200,
16.82969997636974,200,
14.824999962002039,200,
14.789900043979287,200,
15.897499863058329,200,
15.884899999946356,200,
1.2730001471936703,200,
13.383300043642521,200,
14.941400149837136,200,
16.041399911046028,200,
16.090599820017815,200,
1.5606998931616545,200,
15.132799977436662,200,
13.944100122898817,200,
14.606900047510862,200,
15.05609997548163,200,
15.363499987870455,200,
15.323200030252337,200,
1.434599980711937,200,
13.75230005942285,200,
15.524900052696466,200,
1.7578999977558851,200,
13.214200036600232,200,
15.341599937528372,200,
15.142499934881926,200,
15.096200164407492,200,
15.548799885436893,200,
15.82380011677742,200,
1.551999943330884,200,
14.490099856629968,200,
16.096899984404445,200,
15.786200063303113,200,
16.08409988693893,200,
1.606399891898036,200,
14.996299985796213,200,
13.711199862882495,200,
15.5627999920398,200,
15.95250004902482,200,
2.218900015577674,200,
2.1987000945955515,200,
1.650199992582202,200,
1.9982000812888145,200,
2.2303001023828983,200,
2.1554999984800816,200,
1.4531000051647425,200,
21.76050003618002,200,
23.64820009097457,200,
15.809800010174513,200,
16.073899809271097,200,
1.357399858534336,200,
14.013400068506598,200,
15.677999937906861,200,
1.379299908876419,200,
13.49889999255538,200,
15.175200067460537,200,
15.330899972468615,200,
15.644099796190858,200,
1.573299989104271,200,
13.545499881729484,200,
15.43710008263588,200,
15.376500086858869,200,
15.38360002450645,200,
1.46949989721179,200,
13.59339989721775,200,
15.42049995623529,200,
1.5521999448537827,200,
13.711400097236037,200,
15.610999893397093,200,
15.736500034108758,200,
15.770700061693788,200,
15.391400083899498,200,
15.453800093382597,200,
15.857000136747956,200,
15.836299862712622,200,
15.067000174894929,200,
15.436099842190742,200,
1.1328000109642744,200,
15.747300116345286,200,
14.66490002349019,200,
1.3039999175816774,200,
15.773900086060166,200,
14.394499827176332,200,
1.473299926146865,200,
14.255500165745616,200,
15.780000016093254,200,
15.013099880889058,200,
15.448700170964003,200,
1.4305999502539635,200,
13.859400060027838,200,
15.175800072029233,200,
15.28290007263422,200,
15.30220010317862,200,
15.252399956807494,200,
15.578599879518151,200,
15.263099921867251,200,
15.581700019538403,200,
1.793599920347333,200,
13.091000029817224,200,
15.317500103265047,200,
15.827700030058622,200,
15.764900017529726,200,
1.6675000078976154,200,
15.320600010454655,200,
13.61999986693263,200,
1.7787001561373472,200,
14.93419986218214,200,
13.425700133666396,200,
15.246700029820204,200,
15.61599993146956,200,
15.859700040891767,200,
15.803399961441755,200,
15.547200106084347,200,
15.624199993908405,200,
1.6622000839561224,200,
13.36099999025464,200,
14.987099915742874,200,
1.6485999803990126,200,
15.24999993853271,200,
13.587299967184663,200,
1.8276998307555914,200,
13.297900091856718,200,
15.18350001424551,200,
1.7770000267773867,200,
15.232699923217297,200,
13.409199891611934,200,
1.9700000993907452,200,
15.18190000206232,200,
13.167300028726459,200,
2.5655999779701233,200,
2.630000002682209,200,
1.88739993609488,200,
1.4112999197095633,200,
11.868099914863706,200,
16.930499812588096,200,
25.4422000143677,200,
1.771099865436554,200,
13.272499898448586,200,
15.407099854201078,200,
1.723000081256032,200,
15.243100002408028,200,
13.555499957874417,200,
15.196500113233924,200,
15.133799985051155,200,
16.281399875879288,200,
16.288199927657843,200,
1.876399852335453,200,
12.184099992737174,200,
14.110200107097626,200,
1.768600195646286,200,
13.529400108382106,200,
15.338399913161993,200,
15.18980017863214,200,
15.501499874517322,200,
1.6777000855654478,200,
16.63829991593957,200,
14.935200102627277,200,
14.91079991683364,200,
14.931099954992533,200,
1.6922999639064074,200,
1.019500195980072,200,
0.9885998442769051,200,
14.005000004544854,200,
16.620100010186434,200,
27.42200018838048,200,
14.44519986398518,200,
14.239100040867925,200,
1.6031998675316572,200,
13.584299944341183,200,
15.297200065106153,200,
15.240200096741319,200,
15.58479992672801,200,
15.202999813482165,200,
15.506200026720762,200,
14.967000111937523,200,
14.98009986244142,200,
1.5400000847876072,200,
15.422999858856201,200,
13.852099888026714,200,
2.540099900215864,200,
2.5235998909920454,200,
2.4238000623881817,200,
2.4361000396311283,200,
1.4559999108314514,200,
3.963399911299348,200,
2.466999925673008,200,
2.413600217550993,200,
2.3636999540030956,200,
5.112400045618415,200,
2.0477999933063984,200,
2.5828999932855368,200,
1.6989000141620636,200,
13.018999947234988,200,
14.58149985410273,200,
1.5688999556005,200,
16.412399942055345,200,
14.769900124520063,200,
2.219999907538295,200,
13.30800005234778,200,
15.581999905407429,200,
2.049200003966689,200,
2.0707999356091022,200,
1.7349000554531813,200,
2.0854000467807055,200,
1.4893999323248863,200,
1.2073998805135489,200,
1.1376000475138426,200,
1.0891000274568796,200,
1.0329000651836395,200,
1.2747999280691147,200,
18.78720009699464,200,
26.301100151613355,200,
14.354499988257885,200,
14.800200005993247,200,
15.075000002980232,200,
15.510499943047762,200,
1.7133001238107681,200,
3.0881999991834164,200,
2.8030001558363438,200,
3.796899924054742,200,
3.218000056222081,200,
2.503999974578619,200,
1.549100037664175,200,
1.157799968495965,200,
0.954899936914444,200,
1.0152000468224287,200,
0.9475001133978367,200,
1.0220999829471111,200,
0.9372001513838768,200,
1.0538001079112291,200,
14.228399842977524,200,
21.76639996469021,200,
1.9642999395728111,200,
1.9833999685943127,200,
1.5527000650763512,200,
2.149200066924095,200,
1.8229999113827944,200,
2.3088001180440187,200,
2.2412000689655542,200,
1.7876001074910164,200,
23.152800044044852,200,
22.841300116851926,200,
1.8122999463230371,200,
2.0534000359475613,200,
1.4911999460309744,200,
1.717899926006794,200,
2.049400005489588,200,
2.2047001402825117,200,
1.729399897158146,200,
23.49649998359382,200,
25.145300198346376,200,
2.0375000312924385,200,
2.1153001580387354,200,
1.2308000586926937,200,
13.547700131312013,200,
12.618399923667312,200,
15.1893999427557,200,
15.189700061455369,200,
1.623600022867322,200,
1.9425000064074993,200,
1.4635000843554735,200,
1.667400123551488,200,
2.09619989618659,200,
2.1055000834167004,200,
1.106400042772293,200,
25.456100003793836,200,
24.380600079894066,200,
16.05900004506111,200,
16.07399992644787,200,
15.208900207653642,200,
15.233099926263094,200,
1.6425000503659248,200,
15.078900149092078,200,
13.733499916270375,200,
1.4289000537246466,200,
13.657399918884039,200,
15.461399918422103,200,
15.462900046259165,200,
15.745199983939528,200,
15.58050001040101,200,
15.816000057384372,200,
15.67690004594624,200,
15.97169996239245,200,
15.354499919340014,200,
15.42380009777844,200,
1.4023000840097666,200,
15.634200070053339,200,
14.61569988168776,200,
15.36300010047853,200,
15.351700130850077,200,
1.4109998010098934,200,
14.396300073713064,200,
15.84109989926219,200,
14.393199933692813,200,
14.757900033146143,200,
1.3153001200407743,200,
13.738800073042512,200,
15.065999934449792,200,
15.319600002840161,200,
15.685899881646037,200,
1.1270998511463404,200,
15.333000104874372,200,
14.142100000753999,200,
14.66650003567338,200,
14.666700037196279,200,
2.1554999984800816,200,
2.160100033506751,200,
13.492099940776825,200,
13.50650005042553,200,
1.927000004798174,200,
2.2637001238763332,200,
1.3363000471144915,200,
1.0072998702526093,200,
12.543900171294808,200,
15.777799999341369,200,
25.87020001374185,200,
15.420899959281087,200,
15.464300056919456,200,
14.936599880456924,200,
15.243900008499622,200,
15.292999800294638,200,
15.346699859946966,200,
15.262899920344353,200,
15.287399990484118,200,
1.3690998312085867,200,
13.780000153928995,200,
15.168200014159083,200,
14.998900005593896,200,
15.340199926868081,200,
1.3753999955952168,200,
15.283900080248713,200,
13.89020006172359,200,
15.588500071316957,200,
15.665099956095219,200,
1.445799833163619,200,
14.718800084665418,200,
13.60290008597076,200,
15.25599998421967,200,
15.613000141456723,200,
1.4257000293582678,200,
14.90660011768341,200,
13.389100087806582,200,
15.433399938046932,200,
15.39720012806356,200,
1.7341000493615866,200,
14.981099870055914,200,
13.489000033587217,200,
1.498800003901124,200,
15.215100022032857,200,
14.030399965122342,200,
1.4440999366343021,200,
14.872000087052584,200,
13.786299852654338,200,
15.15280012972653,200,
15.529399970546365,200,
14.98800003901124,200,
15.36460011266172,200,
15.147199854254723,200,
15.480400063097477,200,
1.3019999023526907,200,
15.973000088706613,200,
14.674799982458353,200,
16.742900013923645,200,
17.109100008383393,200,
14.173399889841676,200,
14.195499941706657,200,
16.02520002052188,200,
16.002099961042404,200,
1.5926000196486712,200,
15.233200043439865,200,
13.609400019049644,200,
15.421400079503655,200,
15.504299895837903,200,
14.938600128516555,200,
15.336800133809447,200,
1.9477000460028648,200,
15.458900015801191,200,
13.474100036546588,200,
1.6793000977486372,200,
14.135800069198012,200,
16.19819994084537,200,
1.9540998619049788,200,
13.196100015193224,200,
15.189899830147624,200,
1.9222998525947332,200,
15.003800159320235,200,
13.3670000359416,200,
1.880299998447299,200,
15.04310010932386,200,
13.496299972757697,200,
1.7592001240700483,200,
14.20099986717105,200,
16.012599924579263,200,
15.124500030651689,200,
15.147299971431494,200,
15.406099846586585,200,
15.343999955803156,200,
1.653800019994378,200,
13.235699851065874,200,
15.279200160875916,200,
1.677999971434474,200,
15.227199997752905,200,
13.524599839001894,200,
15.15819993801415,200,
15.559999970719218,200,
15.210599871352315,200,
15.253500081598759,200,
1.936200074851513,200,
14.852100051939487,200,
13.271500123664737,200,
2.082700142636895,200,
14.920199988409877,200,
13.125400058925152,200,
15.15199989080429,200,
15.15519991517067,200,
14.959500171244144,200,
15.291000017896295,200,
1.8760000821202993,200,
15.064500039443374,200,
13.485899893566966,200,
14.931699959561229,200,
15.26929996907711,200,
15.279799932613969,200,
15.338599914684892,200,
1.6745999455451965,200,
14.379499945789576,200,
16.060400055721402,200,
1.9873999990522861,200,
14.28880007006228,200,
16.3569999858737,200,
1.7425999976694584,200,
13.120200019329786,200,
15.041199978441,200,
17.7581999450922,200,
17.88579998537898,200,
1.2487000785768032,200,
1.2775999493896961,200,
1.0315999388694763,200,
13.021699851378798,200,
25.727099971845746,200,
17.006899928674102,200,
14.839200070127845,200,
14.711800031363964,200,
15.061700018122792,200,
15.097599942237139,200,
15.693800058215857,200,
16.045699827373028,200,
1.5459000132977962,200,
13.943600002676249,200,
15.563499880954623,200,
1.266400096938014,200,
13.649200089275837,200,
15.25900000706315,200,
1.3351000379770994,200,
13.973599998280406,200,
16.103700036183,200,
15.197700122371316,200,
14.374599792063236,200,
1.442299922928214,200,
13.810199918225408,200,
15.291700139641762,200,
1.305700046941638,200,
2.5331999640911818,200,
2.1428000181913376,200,
2.1456999238580465,200,
2.1112000104039907,200,
2.1063999738544226,200,
1.81489996612072,200,
3.0964999459683895,200,
27.75939996354282,200,
28.122799936681986,200,
5.873099900782108,200,
21.770199993625283,200,
28.567499946802855,200,
2.592200180515647,200,
13.465599855408072,200,
26.562000159174204,200,
16.198000172153115,200,
2.981599885970354,200,
12.623799964785576,200,
16.209200024604797,200,
14.866499928757548,200,
15.350099885836244,200,
2.920099999755621,200,
14.332099817693233,200,
16.0648999735713,200,
27.470200089737773,200,
14.498900156468153,200,
15.635199844837189,200,
2.962399972602725,200,
15.298099955543876,200,
13.415700057521462,200,
2.8516999445855618,200,
15.986699843779206,200,
13.652699999511242,200,
2.4857998359948397,200,
12.013199971988797,200,
14.913999941200018,200,
14.851799933239818,200,
15.779499895870686,200,
2.6112000923603773,200,
14.434200013056397,200,
28.43909990042448,200,
17.09480001591146,200,
17.907500034198165,200,
18.367400160059333,200,
2.789400052279234,200,
12.074500089511275,200,
15.366399893537164,200,
26.28950006328523,200,
3.1428001821041107,200,
13.93310003913939,200,
15.995499910786748,200,
27.96089998446405,200,
14.867999823763967,200,
15.38329990580678,200,
2.920099999755621,200,
5.921500036492944,200,
5.1438999362289906,200,
4.758300026878715,200,
4.571600118651986,200,
4.469300154596567,200,
4.196000052616,200,
4.058999940752983,200,
4.267900018021464,200,
4.000699846073985,200,
3.4243001136928797,200,
3.038400085642934,200,
2.93230009265244,200,
3.0485999304801226,200,
2.8117999900132418,200,
2.598100109025836,200,
2.60449992492795,200,
2.765099983662367,200,
2.7707999106496572,200,
2.8357000555843115,200,
2.747800201177597,200,
2.3332000710070133,200,
2.081599785014987,200,
1.9596000202000141,200,
1.9799999427050352,200,
2.0421999506652355,200,
2.1472000516951084,200,
2.042399952188134,200,
1.945100026205182,200,
1.9518998451530933,200,
1.941499998793006,200,
2.2547999396920204,200,
2.8557998593896627,200,
2.9193998780101538,200,
3.0219999607652426,200,
2.6453000027686357,200,
2.1705999970436096,200,
2.1399001125246286,200,
2.163599943742156,200,
2.1189998369663954,200,
2.014799974858761,200,
2.010500058531761,200,
2.0390998106449842,200,
2.0401000510901213,200,
2.0072998013347387,200,
2.0880999509245157,200,
2.5492000859230757,200,
2.0858999341726303,200,
3.799600061029196,200,
21.166699938476086,200,
21.134400041773915,200,
1.3110002037137747,200,
14.790999935939908,200,
16.42250013537705,200,
1.2950999662280083,200,
15.42479987256229,200,
14.152900082990527,200,
15.244399895891547,200,
15.545800095424056,200,
1.4770000707358122,200,
14.440099941566586,200,
15.972200082615018,200,
1.512099988758564,200,
12.868999969214201,200,
14.398300088942051,200,
1.6639998648315668,200,
15.288500115275383,200,
13.603799976408482,200,
15.019899932667613,200,
15.076100127771497,200,
15.535300131887197,200,
15.853299992159009,200,
1.4610998332500458,200,
13.690299820154905,200,
15.464500058442354,200,
1.3795997947454453,200,
15.056899981573224,200,
13.65149999037385,200,
1.4055001083761454,200,
15.590299852192402,200,
14.14919993840158,200,
1.2980999890714884,200,
15.166800003498793,200,
13.89180007390678,200,
15.242600115016103,200,
15.197800006717443,200,
1.347400015220046,200,
15.177099965512753,200,
13.809500029310584,200,
15.211299993097782,200,
15.229500131681561,200,
15.616299817338586,200,
15.62640001066029,200,
1.5268998686224222,200,
13.29709985293448,200,
14.938999898731709,200,
15.268699964508414,200,
15.64829982817173,200,
2.589999930933118,200,
2.9080999083817005,200,
1.5616000164300203,200,
13.291400158777833,200,
11.755499988794327,200,
1.4945999719202518,200,
16.342699993401766,200,
14.770699897781014,200,
15.353000024333596,200,
15.71980002336204,200,
14.049099991098046,200,
14.827999984845519,200,
2.449899911880493,200,
1.9503000658005476,200,
2.519699977710843,200,
2.808900084346533,200,
2.242499962449074,200,
2.546600066125393,200,
1.9527000840753317,200,
2.0660001318901777,200,
2.0669999066740274,200,
1.660600071772933,200,
1.723600085824728,200,
1.7169001512229443,200,
1.4816999901086092,200,
2.011300064623356,200,
1.6377000138163567,200,
1.7871998716145754,200,
1.6511001158505678,200,
1.6292000655084848,200,
2.0691000390797853,200,
2.1160999312996864,200,
1.8509000074118376,200,
2.12340010330081,200,
3.3516997937113047,200,
2.9881999362260103,200,
1.0973999742418528,200,
19.299800042062998,200,
21.02600014768541,200,
1.9789999350905418,200,
2.2770001087337732,200,
1.579000148922205,200,
1.8498001154512167,200,
1.741599990054965,200,
2.1053000818938017,200,
1.738599967211485,200,
2.1403999999165535,200,
2.0949000027030706,200,
2.440100070089102,200,
1.3969000428915024,200,
1.0305000469088554,200,
0.9791001211851835,200,
1.0810000821948051,200,
16.308699967339635,200,
21.249999990686774,200,
1.6206000000238419,200,
14.662400120869279,200,
16.362900147214532,200,
1.9273001234978437,200,
1.7556000966578722,200,
1.6326999757438898,200,
1.4123998116701841,200,
1.923199975863099,200,
15.217300038784742,200,
1.6883001662790775,200,
13.86360009200871,200,
22.30229997076094,200,
14.341400004923344,200,
14.92689992301166,200,
1.3673000503331423,200,
1.0155998170375824,200,
1.04490015655756,200,
1.2767999432981014,200,
15.066600171849132,200,
25.850600097328424,200,
16.121499938890338,200,
1.600199844688177,200,
14.227599836885929,200,
16.247199848294258,200,
2.303300192579627,200,
2.350699855014682,200,
1.7816000618040562,200,
2.1151998080313206,200,
1.186799956485629,200,
0.9836999233812094,200,
0.9591998532414436,200,
0.9592999704182148,200,
0.9735000785440207,200,
19.67140007764101,200,
24.902199860662222,200,
1.3327999040484428,200,
16.101300017908216,200,
14.753499999642372,200,
15.072699869051576,200,
15.038900077342987,200,
1.3908999972045422,200,
15.31250006519258,200,
14.156500110402703,200,
14.91219992749393,200,
15.173999825492501,200,
15.288100112229586,200,
15.342900063842535,200,
1.2841999996453524,200,
15.043199993669987,200,
14.038299908861518,200,
1.272300025448203,200,
16.513600014150143,200,
15.286399982869625,200,
15.121100004762411,200,
15.476499916985631,200,
1.4418999198824167,200,
12.48560007661581,200,
14.28610016591847,200,
15.392699977383018,200,
15.427100006490946,200,
1.9101998768746853,200,
14.588199788704515,200,
13.01419991068542,200,
1.7584001179784536,200,
3.2931999303400517,200,
3.0121998861432076,200,
3.1273001804947853,200,
2.5001000612974167,200,
2.0692998077720404,200,
2.0101999398320913,200,
1.9758997950702906,200,
2.0730001851916313,200,
2.1152000408619642,200,
2.0236000418663025,200,
2.156600123271346,200,
2.1565998904407024,200,
2.017799997702241,200,
3.328199964016676,200,
2.4548000656068325,200,
1.7403000965714455,200,
11.077299946919084,200,
16.021300107240677,200,
25.69819986820221,200,
1.3087999541312456,200,
15.062799910083413,200,
13.731200015172362,200,
15.402799937874079,200,
15.457300003618002,200,
15.442200005054474,200,
15.400199918076396,200,
1.2997000012546778,200,
13.827000046148896,200,
15.445399796590209,200,
1.2884000316262245,200,
14.679000014439225,200,
16.266999999061227,200,
15.061999903991818,200,
15.344500076025724,200,
14.975899830460548,200,
15.348599990829825,200,
16.452400013804436,200,
16.42820006236434,200,
14.99639987014234,200,
15.090900007635355,200,
1.8329001031816006,200,
13.75959999859333,200,
15.689699910581112,200,
2.51140003092587,200,
2.516200067475438,200,
1.3683999422937632,200,
11.476799845695496,200,
26.143800001591444,200,
16.302900156006217,200,
15.258600004017353,200,
15.316899865865707,200,
14.997499994933605,200,
15.36140008829534,200,
1.3147999998182058,200,
14.04839986935258,200,
15.75669995509088,200,
14.977499842643738,200,
15.295000048354268,200,
16.202100086957216,200,
16.52160007506609,200,
14.064599992707372,200,
14.432300115004182,200,
15.238899970427155,200,
15.245100017637014,200,
15.613000141456723,200,
15.628500143066049,200,
15.043799998238683,200,
15.064599923789501,200,
1.6125000547617674,200,
1.2020000722259283,200,
15.25490009225905,200,
12.344700051471591,200,
1.7971000634133816,200,
15.34210005775094,200,
13.79820005968213,200,
1.5944000333547592,200,
3.2691999804228544,200,
2.867199946194887,200,
2.5293000508099794,200,
2.20620003528893,200,
2.0991999190300703,200,
2.108599990606308,200,
2.1871000062674284,200,
2.2159998770803213,200,
2.2321001160889864,200,
2.1060998551547527,200,
2.0133000798523426,200,
1.9863999914377928,200,
2.250799909234047,200,
2.5901999324560165,200,
2.6385998353362083,200,
2.805599942803383,200,
2.6759998872876167,200,
2.207699930295348,200,
1.4236001297831535,200,
2.586600137874484,200,
1.1475000064820051,200,
21.514100022614002,200,
20.3855000436306,200,
15.608000103384256,200,
15.62029984779656,200,
15.919100027531385,200,
16.270499909296632,200,
15.176699962466955,200,
15.484999865293503,200,
1.3435999862849712,200,
14.599099988117814,200,
16.291999956592917,200,
15.279399929568172,200,
15.24460013024509,200,
1.3047000393271446,200,
15.329499961808324,200,
14.047499978914857,200,
15.27059986256063,200,
15.275800134986639,200,
1.308599952608347,200,
14.159600017592311,200,
15.840000007301569,200,
14.791799942031503,200,
14.842000091448426,200,
15.229499898850918,200,
15.63969999551773,200,
15.545000089332461,200,
15.521700028330088,200,
1.7760000191628933,200,
13.169900048524141,200,
14.977999962866306,200,
1.6564000397920609,200,
15.304500004276633,200,
13.662700075656176,200,
16.09329995699227,200,
16.436399891972542,200,
1.4665999915450811,200,
14.137000078335404,200,
12.653099838644266,200,
1.62540003657341,200,
13.540300074964762,200,
15.201599802821875,200,
15.180899994447827,200,
15.200200024992228,200,
15.889700036495924,200,
16.185800079256296,200,
1.2569001410156488,200,
1.028499798849225,200,
15.190100064501166,200,
12.905200012028217,200,
1.2630000710487366,200,
14.748600078746676,200,
16.3608998991549,200,
16.00890001282096,200,
15.98210004158318,200,
2.098900033161044,200,
2.0771000999957323,200,
1.285000005736947,200,
13.750500045716763,200,
12.539000017568469,200,
1.799900084733963,200,
16.574200009927154,200,
15.101199969649315,200,
2.0824000239372253,200,
1.3007998932152987,200,
13.484499882906675,200,
1.7102998681366444,200,
26.620399905368686,200,
14.861000003293157,200,
1.9221999682486057,200,
13.695200206711888,200,
15.7065000385046,200,
15.73200011625886,200,
16.11259998753667,200,
14.729500049725175,200,
15.036399941891432,200,
14.914600178599358,200,
15.229699900373816,200,
14.899299945682287,200,
15.169800026342273,200,
1.4374000020325184,200,
13.930900022387505,200,
15.388299943879247,200,
15.130399959161878,200,
15.158900059759617,200,
1.4298001769930124,200,
13.61269992776215,200,
15.418499941006303,200,
1.3411000836640596,200,
15.090500004589558,200,
14.117299811914563,200,
15.105699887499213,200,
15.076100127771497,200,
15.624700114130974,200,
15.717099886387587,200,
1.5859000850468874,200,
1.0749998036772013,200,
1.1060999240726233,200,
1.0267999023199081,200,
13.916999800130725,200,
16.45460003055632,200,
25.844000047072768,200,
1.4580998104065657,200,
14.82339994981885,200,
13.519299915060401,200,
1.7053999472409487,200,
15.915200114250183,200,
14.64959979057312,200,
1.6150001902133226,200,
14.25160001963377,200,
12.545599834993482,200,
15.155700035393238,200,
15.439299866557121,200,
1.459999941289425,200,
14.242200180888176,200,
15.765799907967448,200,
14.834499917924404,200,
14.813899993896484,200,
15.428599901497364,200,
15.692600049078465,200,
1.2259997893124819,200,
15.996600035578012,200,
14.740499900653958,200,
1.4035999774932861,200,
15.092399902641773,200,
13.907700078561902,200,
1.4810999855399132,200,
15.088799875229597,200,
13.879199977964163,200,
15.26500005275011,200,
15.574600081890821,200,
1.4220001175999641,200,
13.784300070255995,200,
15.677399933338165,200,
15.119600109755993,200,
15.014800010249019,200,
15.435700071975589,200,
15.483299968764186,200,
15.19980002194643,200,
15.496099833399057,200,
1.614399952813983,200,
13.309999834746122,200,
15.26500005275011,200,
1.4790999703109264,200,
19.482600037008524,200,
18.33459991030395,200,
3.006699960678816,200,
23.74430000782013,200,
26.49860014207661,200,
15.22929989732802,200,
15.285500092431903,200,
15.10370010510087,200,
15.410599997267127,200,
1.2714001350104809,200,
13.89460009522736,200,
15.424099983647466,200,
1.3529998250305653,200,
16.64280006662011,200,
15.5392000451684,200,
2.297299914062023,200,
2.4850000627338886,200,
2.3409000132232904,200,
2.3026999551802874,200,
2.5735998060554266,200,
2.435899805277586,200,
2.2568998392671347,200,
2.5777998380362988,200,
22.064500022679567,200,
22.45779987424612,200,
2.018299885094166,200,
14.39819997176528,200,
12.825699988752604,200,
2.8291000053286552,200,
2.9909999575465918,200,
